time,open,high,low,close,VWAP,Volume,Volume MA,Relative Volume,EMA 10,Plot EMA 20,Plot EMA50,Plot EMA 100,Plot EMA 200,Supertrend Up,Supertrend Down ,RSI,RSI-based MA,GapUp/GapDown,Gap Percentage,Candle Body,Candle Range,Body Percentage,Body Character,Upperwick %,Upper Wick Character,LowerWick %,Lower Wick Character,VIX,VIX % Change,Expected Range,UDR,LDR,"Today's Close In Range(IN=1,OUT=0)",,,,,,
07-09-2023,19598.65,19737,19550.051,19727.051,19671.36733,304929822,295786064.6,1.03,19509.33772,19474.58603,19341.77279,18999.38189,18511.22128,19363.04654,,63.56881141,49.75323459,,,128.401,186.949,68.68,STRONG,5.32,NONE,26,MODERATE,10.8725,,135.2177268,19733.86773,19463.43227,INSIDE,,,,,,
08-09-2023,19774.801,19867.15,19727.051,19819.949,19804.71667,288093693,294581060,0.98,19565.8125,19507.47774,19360.5248,19015.63075,18524.24345,19516.67773,,66.70826505,51.16277014,47.75,0.24,45.148,140.099,32.23,WEAK,33.69,MODERATE,34.08,MODERATE,10.78,-0.850770292,134.9514033,19909.7524,19639.8496,INSIDE,,,,,,
11-09-2023,19890,20008.15,19865.35,19996.35,19956.61667,253184081,295464061.7,0.86,19644.09205,19554.03701,19385.45912,19035.05093,18538.89127,19637.13138,,71.69604437,52.91848867,70.051,0.35,106.35,142.8,74.47,STRONG,8.26,NONE,17.26,MILD,11.3475,5.264378479,143.0639459,20033.06395,19746.93605,INSIDE,,,,,,
12-09-2023,20110.15,20110.35,19914.65,19993.199,20006.06633,328064239,299674732.9,1.09,19707.56604,19595.86196,19409.29206,19054.02416,18553.362,19694.52511,,71.49000597,54.48692735,113.8,0.57,-116.951,195.7,59.76,MODERATE,0.1,NONE,40.14,STRONG DEFEND,11.69,3.018285966,148.1348403,20258.28484,19962.01516,INSIDE,,,,,,
13-09-2023,19989.5,20096.9,19944.1,20070,20037,251394599,300913101.3,0.84,19773.46312,19641.01796,19435.20217,19074.14249,18568.45292,19705.00009,,73.48973096,56.39621132,-3.699,-0.02,80.5,152.8,52.68,MODERATE,17.6,MILD,29.71,MODERATE,11.8275,1.176218991,149.776991,20139.27699,19839.72301,INSIDE,,,,,,
14-09-2023,20127.949,20167.65,20043.449,20103.1,20104.733,275111881,301235522.6,0.91,19833.3971,19685.02578,19461.39424,19094.51789,18583.72304,19803.46917,,74.32556461,58.74200903,57.949,0.29,-24.849,124.201,20.01,WEAK,31.97,MODERATE,48.03,STRONG DEFEND,11.3175,-4.311984781,143.8231751,20271.77218,19984.12582,INSIDE,,,,,,
15-09-2023,20156.449,20222.449,20129.699,20192.35,20181.49933,438185104,310337659.6,1.41,19898.66126,19733.34237,19490.05918,19116.25714,18599.72928,19886.67013,,76.47897532,61.07912905,53.349,0.27,35.901,92.75,38.71,WEAK,32.45,MODERATE,28.84,MODERATE,10.9025,-3.666887564,138.9258035,20295.3748,20017.5232,INSIDE,,,,,,
18-09-2023,20155.949,20195.35,20115.699,20133.301,20148.11667,264870758,314187506.1,0.84,19941.32303,19771.43367,19515.28434,19136.39662,18614.9887,19892.14101,,72.16627518,62.96087471,-36.401,-0.18,-22.648,79.651,28.43,WEAK,49.47,STRONG REJECT,22.1,MODERATE,10.835,-0.619124054,137.8806662,20293.82967,20018.06833,INSIDE,,,,,,
20-09-2023,19980.75,20050.65,19878.85,19901.4,19943.63333,378065882,322655582.5,1.17,19934.0643,19783.81141,19530.42614,19151.5452,18627.78881,19892.14101,,58.2692618,63.83003905,-152.551,-0.76,-79.35,171.8,46.19,MODERATE,40.69,STRONG REJECT,13.13,MILD,11.1275,2.699584679,140.5882847,20121.33828,19840.16172,INSIDE,,,,,,
21-09-2023,19840.551,19848.75,19709.949,19742.35,19767.01633,275132260,325151446,0.85,19899.20715,19779.86271,19538.73687,19163.24431,18638.87897,,20105.91966,51.01342649,64.50262396,-60.849,-0.31,-98.201,138.801,70.75,STRONG,5.91,NONE,23.34,MODERATE,10.8175,-2.785890811,135.2954336,19975.84643,19705.25557,INSIDE,,,,,,
22-09-2023,19744.85,19798.65,19657.5,19674.25,19710.13333,246410075,324059106.8,0.76,19858.30585,19769.80435,19544.05112,19173.36323,18649.18117,,20045.79112,48.24339996,64.27080742,2.5,0.01,-70.6,141.15,50.02,MODERATE,38.12,MODERATE,11.87,MILD,10.66,-1.455974116,132.9890416,19877.83904,19611.86096,INSIDE,,,,,,
25-09-2023,19678.199,19734.15,19601.551,19674.551,19670.084,188398392,310153115.8,0.61,19824.89588,19760.73261,19549.16876,19183.28774,18659.38386,,19975.063,48.25677382,63.74232486,3.949,0.02,-3.648,132.599,2.75,INDECISION,42.2,STRONG REJECT,55.05,STRONG DEFEND,10.9,2.251407129,135.5401607,19813.73916,19542.65884,INSIDE,,,,,,
26-09-2023,19682.801,19699.35,19637.449,19664.699,19667.166,204869058,307987630.2,0.67,19795.76917,19751.58655,19553.69936,19192.82064,18669.38699,,19938.9299,47.8212074,63.04457798,8.25,0.04,-18.102,61.901,29.24,WEAK,26.73,MODERATE,44.02,STRONG DEFEND,11.185,2.614678899,138.8388341,19821.63983,19543.96217,INSIDE,,,,,,
27-09-2023,19637.051,19730.699,19554,19716.449,19667.04933,203559874,302796218.1,0.67,19781.34732,19748.24011,19560.08169,19203.18952,18679.80552,,19929.45342,50.35595047,62.42026377,-27.648,-0.14,79.398,176.699,44.93,MODERATE,8.06,NONE,47,STRONG DEFEND,11.585,3.576218149,144.0328594,19781.08386,19493.01814,INSIDE,,,,,,
28-09-2023,19761.801,19766.65,19492.1,19523.551,19594.10033,352810261,308786502.8,1.14,19734.47527,19726.84115,19558.64912,19209.53331,18688.201,,19929.45342,42.13875414,60.8895454,45.352,0.23,-238.25,274.55,86.78,STRONG,1.77,NONE,11.46,MILD,12.8225,10.68191627,159.7088025,19921.5098,19602.0922,OUT,,,Texture of market,,,PCR
29-09-2023,19581.199,19726.25,19551.051,19638.301,19638.534,243508919,292834088,0.83,19716.98904,19718.40876,19561.77272,19218.02376,18697.65473,,19929.45342,47.61507453,59.52574607,57.648,0.3,57.102,175.199,32.59,WEAK,50.2,STRONG REJECT,17.21,MILD,11.4525,-10.68434393,142.3534204,19723.55242,19438.84558,INSIDE,,,,,,
03-10-2023,19622.4,19623.199,19479.65,19528.75,19543.86633,221719625,285294959.7,0.78,19682.76376,19700.34602,19560.47771,19224.17675,18705.92434,,19897.03059,43.39261739,57.50407272,-15.901,-0.08,-93.65,143.549,65.24,STRONG,0.56,NONE,34.2,MODERATE,11.7875,2.925125518,145.7520216,19768.15202,19476.64798,INSIDE,,,,,,
04-10-2023,19446.301,19457.801,19333.6,19436.1,19409.167,277148310,279348819.1,0.99,19637.9158,19675.17973,19555.60016,19228.37325,18713.18976,,19750.24537,40.14983153,55.26548883,-82.449,-0.42,-10.201,124.201,8.21,INDECISION,9.26,NONE,82.53,STRONG DEFEND,11.655,-1.12407211,142.8989733,19589.19997,19303.40203,INSIDE,,,,,,
05-10-2023,19521.85,19576.949,19487.301,19545.75,19536.66667,234865323,275894154.1,0.85,19621.15838,19662.85309,19555.21387,19234.65794,18721.47395,,19750.24537,45.3546275,53.25583858,85.75,0.44,23.9,89.648,26.66,WEAK,34.8,MODERATE,38.54,MODERATE,10.94,-6.134706135,134.9538891,19656.80389,19386.89611,INSIDE,,,,,,
06-10-2023,19621.199,19675.75,19589.4,19653.5,19639.55,159051277,269468671.7,0.59,19627.03868,19661.96232,19559.06823,19242.95184,18730.74784,,19750.24537,49.95984654,51.51543015,75.449,0.39,32.301,86.35,37.41,WEAK,25.77,MODERATE,36.83,MODERATE,10.3,-5.850091408,127.7002048,19748.8992,19493.4988,INSIDE,,,,,,
09-10-2023,19539.449,19588.949,19480.5,19512.35,19527.26633,165094800,262476920.6,0.63,19606.18619,19647.71353,19557.23615,19248.28646,18738.52497,,19750.24537,44.65125995,49.24202191,-114.051,-0.58,-27.099,108.449,24.99,WEAK,45.64,STRONG REJECT,29.37,MODERATE,11.4,10.67961165,140.7145675,19680.16357,19398.73443,INSIDE,,,,,,
10-10-2023,19565.6,19717.801,19565.449,19689.85,19657.7,216559447,258900208.3,0.84,19621.39779,19651.72652,19562.43669,19257.03029,18747.99089,,19750.24537,51.61399311,47.77400176,53.25,0.27,124.25,152.352,81.55,STRONG,18.35,MILD,0.1,NONE,11.27,-1.140350877,140.0249636,19705.62496,19425.57504,INSIDE,,,,,,
11-10-2023,19767,19839.199,19756.949,19811.35,19802.49933,213729730,256927490.7,0.83,19655.93456,19666.92876,19572.19799,19268.00692,18758.57158,19462.42412,,55.72019515,47.59192557,77.15,0.39,44.35,82.25,53.92,MODERATE,33.86,MODERATE,12.22,MILD,10.985,-2.528837622,137.3242602,19904.32426,19629.67574,INSIDE,,,,,,
12-10-2023,19822.699,19843.301,19772.65,19794,19803.317,217904144,251419486,0.87,19681.03736,19679.03078,19580.89611,19278.42263,18768.87435,19511.19519,,55.00238444,47.87685114,11.349,0.06,-28.699,70.651,40.62,MODERATE,29.16,MODERATE,30.22,MODERATE,10.6175,-3.345471097,132.7575604,19955.45656,19689.94144,INSIDE,,,,,,
13-10-2023,19654.551,19805.4,19635.301,19751.051,19730.584,254955979,251597555,1.01,19693.76712,19685.88985,19587.56885,19287.7816,18778.64725,19511.19519,,53.17616656,48.22919161,-139.449,-0.7,96.5,170.099,56.73,MODERATE,31.95,MODERATE,11.32,MILD,10.6175,0,132.5039915,19787.05499,19522.04701,INSIDE,,,,,,
16-10-2023,19737.25,19781.301,19691.85,19731.75,19734.967,180964341,246890178,0.73,19700.6731,19690.25748,19593.22302,19296.57306,18788.13086,19511.19519,,52.33520443,48.52050808,-13.801,-0.07,-5.5,89.451,6.15,INDECISION,49.25,STRONG REJECT,44.61,STRONG DEFEND,11.07,4.261831881,137.9829881,19875.23299,19599.26701,INSIDE,,,,,,
17-10-2023,19843.199,19849.75,19775.65,19811.5,19812.3,185846716,234273258.6,0.79,19720.82344,19701.80439,19601.7829,19306.76963,18798.31364,19541.37882,,55.46891075,49.06677261,111.449,0.56,-31.699,74.1,42.78,MODERATE,8.84,NONE,48.38,STRONG DEFEND,10.695,-3.387533875,133.7700543,19976.96905,19709.42895,INSIDE,,,,,,
18-10-2023,19820.449,19840.949,19659.949,19671.1,19723.99933,198942937,230976867.5,0.86,19711.78282,19698.88016,19604.50122,19313.98409,18806.99808,19541.37882,,49.3211765,48.99286018,8.949,0.05,-149.349,181,82.51,STRONG,11.33,MILD,6.16,NONE,10.965,2.52454418,137.08633,19957.53533,19683.36267,OUT,,,Support/Resistance,,,BETWEEN 10/20 - SIDE WAYS
19-10-2023,19545.199,19681.801,19512.35,19624.699,19606.28333,230312163,223589181.6,1.03,19695.94939,19691.81529,19605.29329,19320.13686,18815.13441,19541.37882,,47.44945349,49.37219585,-125.901,-0.64,79.5,169.451,46.92,MODERATE,33.7,MODERATE,19.39,MILD,10.8975,-0.615595075,135.1496071,19680.34861,19410.04939,INSIDE,,,,,,
20-10-2023,19542.15,19593.801,19518.699,19542.65,19551.71667,198341255,219749631.3,0.9,19668.07678,19677.60907,19602.83669,19324.54306,18822.37337,19541.37882,,44.25153681,49.13194315,-82.549,-0.42,0.5,75.102,0.67,INDECISION,68.11,STRONG REJECT,31.23,MODERATE,10.8175,-0.734113329,133.5576196,19675.70762,19408.59238,INSIDE,,,,,,
23-10-2023,19521.6,19556.85,19257.85,19281.75,19365.48333,176044288,216231342,0.81,19597.83555,19639.90821,19590.24505,19323.69568,18826.94428,,19752.45141,35.95369844,48.6005918,-21.05,-0.11,-239.85,299,80.22,STRONG,11.79,MILD,7.99,NONE,10.905,0.808874509,134.384026,19655.98403,19387.21597,OUT,,,Closet OI BASED/RESISTANCE,,,
25-10-2023,19286.449,19347.301,19074.15,19122.15,19181.20033,225291741,218076009.4,1.03,19511.34726,19590.5979,19571.88838,19319.70467,18829.88165,,19596.06703,32.00059517,48.01850349,4.699,0.02,-164.299,273.151,60.15,STRONG,22.28,MODERATE,17.57,MILD,11.3125,3.736817973,137.9119991,19424.361,19148.537,OUT,,,Last day low/high,,,
26-10-2023,19027.25,19041.699,18837.85,18857.25,18912.26633,300356469,222850380,1.35,19392.42049,19520.75525,19543.86335,19310.54715,18830.15397,,19361.76772,26.74450398,46.68920895,-94.9,-0.5,-170,203.849,83.4,STRONG,7.09,NONE,9.52,NONE,11.73,3.690607735,140.7429926,19167.99299,18886.50701,OUT,,,,,,
27-10-2023,18928.75,19076.15,18926.65,19047.25,19016.68333,205201044,222932438.5,0.92,19329.66222,19475.65951,19524.38831,19305.33335,18832.31413,,19361.76772,34.99209862,45.6200841,71.5,0.38,118.5,149.5,79.26,STRONG,19.33,MILD,1.4,NONE,10.905,-7.033248082,131.0809173,19059.83092,18797.66908,INSIDE,,,,,,
30-10-2023,19053.4,19158.5,18940,19140.9,19079.8,180132492,214298550,0.84,19295.34181,19443.77765,19509.34956,19302.07724,18835.38464,,19361.76772,38.65802479,45.19199587,6.15,0.03,87.5,218.5,40.05,MODERATE,8.05,NONE,51.9,STRONG DEFEND,11.49,5.364511692,138.7089887,19192.10899,18914.69101,INSIDE,,,,,,
31-10-2023,19232.949,19233.699,19056.449,19079.6,19123.24933,206049341,212425571.1,0.97,19256.11603,19409.09406,19492.49663,19297.67175,18837.81464,,19361.76772,37.18005691,44.16100043,92.049,0.48,-153.349,177.25,86.52,STRONG,0.42,NONE,13.06,MILD,11.825,2.915578764,143.3134787,19376.26248,19089.63552,OUT,,,24100,24080,24090,
01-11-2023,19064.051,19096.051,18973.699,18989.15,19019.63333,194103279,211044753.8,0.92,19207.57675,19369.09939,19472.75755,19291.56241,18839.32047,,19361.76772,35.05067066,42.68460583,-15.549,-0.08,-74.901,122.352,61.22,STRONG,26.15,MODERATE,12.63,MILD,12.0475,1.881606765,144.9651383,19209.01614,18919.08586,INSIDE,,,,,,
02-11-2023,19120,19175.25,19064.15,19133.25,19124.21667,245595109,209467093.8,1.17,19194.0628,19346.63754,19459.44353,19288.42751,18842.24514,,19361.76772,40.86170313,41.67455716,130.85,0.69,13.25,111.1,11.93,INDECISION,37.8,MODERATE,50.27,STRONG DEFEND,11.075,-8.072214152,133.8159381,19253.81594,18986.18406,INSIDE,,,,,,
03-11-2023,19241,19276.25,19210.9,19230.6,19239.25,189516123,207199633.8,0.91,19200.70592,19335.58635,19450.46927,19287.28241,18846.10937,,19361.76772,44.47593917,41.05311235,107.75,0.56,-10.4,65.35,15.91,INDECISION,53.94,STRONG REJECT,30.15,MODERATE,10.8825,-1.738148984,132.1826028,19373.1826,19108.8174,INSIDE,,,,,,
06-11-2023,19345.85,19423,19309.699,19411.75,19381.483,180690631,208281601.5,0.87,19239.07757,19342.84003,19448.95087,19289.74712,18851.73763,19001.79862,,50.53409851,40.92446192,115.25,0.6,65.9,113.301,58.16,MODERATE,9.93,NONE,31.91,MODERATE,11.105,2.044566965,135.9120447,19481.76204,19209.93796,INSIDE,,,,,,
07-11-2023,19404.051,19423.5,19329.1,19406.699,19386.433,198660124,209959867.7,0.95,19269.5542,19348.92184,19447.29393,19292.063,18857.25964,19046.89929,,50.3690745,40.56018791,-7.699,-0.04,2.648,94.4,2.81,INDECISION,17.8,MILD,79.4,STRONG DEFEND,11.1925,0.787933363,136.9864674,19541.03747,19267.06453,INSIDE,,,,,,
08-11-2023,19449.6,19464.4,19401.5,19443.5,19436.46667,194967997,208880295.2,0.93,19301.18071,19357.92928,19447.14515,19295.06175,18863.09287,19144.26943,,51.60899602,40.72360359,42.901,0.22,-6.1,62.9,9.7,INDECISION,23.53,MODERATE,66.77,STRONG DEFEND,11.0375,-1.38485593,135.3738595,19584.97386,19314.22614,INSIDE,,,,,,
09-11-2023,19457.4,19463.9,19378.35,19395.301,19412.517,208418472,208614732.3,1,19318.29349,19361.48849,19445.11205,19297.04669,18868.38848,19155.96055,,49.8523254,40.89523729,13.9,0.07,-62.099,85.55,72.59,STRONG,7.6,NONE,19.81,MILD,10.9825,-0.498301246,134.6958297,19592.09583,19322.70417,INSIDE,,,,,,
10-11-2023,19351.85,19451.301,19329.449,19425.35,19402.03333,152215785,205330314.3,0.74,19337.75831,19367.57054,19444.33707,19299.58735,18873.93038,19155.96055,,50.97274119,41.37532332,-43.451,-0.22,73.5,121.852,60.32,STRONG,21.3,MODERATE,18.38,MILD,11.1075,1.138174368,136.140722,19487.99072,19215.70928,INSIDE,,,,,,
12-11-2023,19547.25,19547.25,19510.25,19525.55,19527.68333,37311902,194448110.5,0.19,19371.90225,19382.6162,19447.52189,19304.06185,18880.41416,19271.29211,,54.61416425,42.70821374,121.9,0.63,-21.7,37,58.65,MODERATE,0,NONE,41.35,STRONG DEFEND,11.1875,0.720234076,137.797643,19685.04764,19409.45236,INSIDE,,,,,,
13-11-2023,19486.75,19494.4,19414.75,19443.551,19450.90033,189275733,194863680.1,0.97,19384.9293,19388.41952,19447.36617,19306.82401,18886.01751,19271.29211,,51.25888842,44.08380611,-38.8,-0.2,-43.199,79.65,54.24,MODERATE,9.6,NONE,36.16,MODERATE,11.135,-0.469273743,136.780179,19623.53018,19349.96982,INSIDE,,,,,,
15-11-2023,19651.4,19693.199,19579.65,19675.449,19649.43267,291464988,200144593.7,1.46,19437.75106,19415.75566,19456.31059,19314.12352,18893.87255,19336.33625,,58.941355,46.38358118,207.849,1.07,24.049,113.549,21.18,WEAK,15.63,MILD,63.19,STRONG DEFEND,11.6475,4.602604401,144.5346789,19795.93468,19506.86532,INSIDE,,,,,,
16-11-2023,19674.699,19875.25,19627,19765.199,19755.81633,282686669,204331780.3,1.38,19497.28705,19449.03598,19468.42386,19323.05571,18902.54247,19411.7544,,61.47239714,48.27503108,-0.75,0,90.5,248.25,36.46,WEAK,44.33,STRONG REJECT,19.21,MILD,11.8275,1.545396008,148.125091,19822.82409,19526.57391,INSIDE,,,,,,
17-11-2023,19674.75,19806,19667.449,19731.801,19735.08333,236827462,204657545.2,1.16,19539.92595,19475.96598,19478.75238,19331.14967,18910.79379,19411.7544,,59.99040053,49.7987722,-90.449,-0.46,57.051,138.551,41.18,MODERATE,53.55,STRONG REJECT,5.27,NONE,12.1475,2.705559078,151.6026371,19826.35264,19523.14736,INSIDE,,,,,,
20-11-2023,19731.15,19756.449,19670.5,19694,19706.983,173780543,203429509.6,0.85,19567.93941,19496.73112,19487.19346,19338.33483,18918.58689,19417.5614,,58.2778703,51.30575887,-0.651,0,-37.15,85.949,43.22,MODERATE,29.43,MODERATE,27.34,MODERATE,12.2325,0.699732455,152.2815138,19883.43151,19578.86849,INSIDE,,,,,,
21-11-2023,19770.9,19829.1,19754.051,19783.4,19788.85033,194969012,204375745.8,0.95,19607.11407,19524.03292,19498.8094,19347.148,18927.192,19500.80502,,61.10574921,53.16683591,76.9,0.39,12.5,75.049,16.66,INDECISION,60.89,STRONG REJECT,22.45,MODERATE,11.865,-3.004291845,148.2496985,19919.1497,19622.6503,INSIDE,,,,,,
22-11-2023,19784,19825.551,19703.85,19811.85,19780.417,184497984,202336058,0.91,19644.33878,19551.44407,19511.0855,19356.35002,18935.99456,19500.80502,,61.98869999,54.67590712,0.6,0,27.85,121.701,22.88,WEAK,11.26,MILD,65.86,STRONG DEFEND,11.315,-4.635482512,141.352306,19925.35231,19642.64769,INSIDE,,,,,,
23-11-2023,19828.449,19875.15,19786.75,19802,19821.3,170024085,195819438.8,0.87,19673.00446,19575.30654,19522.49392,19365.17477,18944.61153,19570.55257,,61.46841447,55.88965535,16.599,0.08,-26.449,88.4,29.92,WEAK,52.83,STRONG REJECT,17.25,MILD,11.33,0.132567388,141.893793,19970.34279,19686.55521,INSIDE,,,,,,
24-11-2023,19809.6,19832.85,19768.85,19794.699,19798.79967,145895044,192854138.8,0.76,19695.13074,19596.20106,19533.16863,19373.6802,18953.07012,19570.55257,,61.05933088,56.64145766,7.6,0.04,-14.901,64,23.28,WEAK,36.33,MODERATE,40.39,STRONG DEFEND,12.175,7.458075905,152.1518266,19961.75183,19657.44817,INSIDE,,,,,,
28-11-2023,19844.65,19916.85,19800,19889.699,19868.84967,229595031,195327265.7,1.18,19730.50679,19624.15325,19547.15021,19383.8984,18962.38981,19622.43025,,64.38107933,57.64231515,49.951,0.25,45.049,116.85,38.55,WEAK,23.24,MODERATE,38.21,MODERATE,12.7075,4.373716632,159.479125,20004.12913,19685.17088,INSIDE,,,,,,
29-11-2023,19976.551,20104.65,19956.301,20096.6,20052.517,236241768,196836887.1,1.2,19797.06919,19669.14817,19568.69726,19398.0113,18973.67548,19755.6993,,70.31935475,58.97876935,86.852,0.44,120.049,148.349,80.92,STRONG,5.43,NONE,13.65,MILD,12.69,-0.137713948,160.76119,20137.31219,19815.78981,INSIDE,,,,,,
30-11-2023,20108.5,20158.699,20015.85,20133.15,20102.56633,486585349,211460990.6,2.3,19858.17479,19713.33882,19590.83266,19412.5685,18985.21254,19810.31394,,71.23178968,60.50587394,11.9,0.06,24.65,142.849,17.26,INDECISION,17.89,MILD,64.86,STRONG DEFEND,12.3825,-2.423167849,157.2873915,20265.78739,19951.21261,INSIDE,,,,,,
01-12-2023,20194.1,20291.551,20183.699,20267.9,20247.71667,265812566,212471863.4,1.25,19932.67028,19766.15417,19617.38432,19429.50576,18997.9756,19952.69615,,74.36113464,62.17647347,60.95,0.3,73.8,107.852,68.43,STRONG,21.93,MODERATE,9.64,NONE,12.9925,4.926307289,166.1234886,20360.22349,20027.97651,INSIDE,,,,,,
04-12-2023,20601.949,20702.65,20507.75,20686.801,20632.40033,381107418,222051428.2,1.72,20069.78496,19853.83482,19659.32223,19454.40269,19014.77983,20203.35692,,81.20556347,64.07585913,334.049,1.65,84.852,194.9,43.54,MODERATE,8.13,NONE,48.33,STRONG DEFEND,13.4575,3.578987878,175.5550803,20777.50408,20426.39392,INSIDE,,,,,,
05-12-2023,20808.9,20864.051,20711.15,20855.1,20810.10033,421008350,234067314.1,1.8,20212.56951,19949.19341,19706.21548,19482.13927,19033.09147,20395.22604,,83.15160365,66.35391022,122.099,0.59,46.2,152.901,30.22,WEAK,5.85,NONE,63.93,STRONG DEFEND,13.74,2.099201189,180.6377194,20989.53772,20628.26228,INSIDE,,,,,,
06-12-2023,20950.75,20961.949,20852.15,20937.699,20917.266,359212958,242094955.8,1.48,20344.41124,20043.3368,19754.50895,19510.96224,19052.04279,20549.23033,,84.02582015,68.14565773,95.65,0.46,-13.051,109.799,11.89,INDECISION,10.2,MILD,77.91,STRONG DEFEND,12.6725,-7.769286754,167.3851914,21118.13519,20783.36481,INSIDE,,,,,,
07-12-2023,20932.4,20941.25,20850.801,20901.15,20897.73367,274985308,246095821.4,1.12,20445.63647,20125.0333,19799.47526,19538.49071,19070.44187,20573.59056,,81.9983661,69.61179837,-5.299,-0.03,-31.25,90.449,34.55,WEAK,9.78,NONE,55.67,STRONG DEFEND,12.47,-1.597948313,164.5478182,21096.94782,20767.85218,INSIDE,,,,,,
08-12-2023,20934.1,21006.1,20862.699,20969.4,20946.06633,292440768,250296936.2,1.17,20540.8662,20205.44917,19845.35466,19566.82555,19089.33698,20619.09115,,82.83144081,71.24330124,32.95,0.16,35.3,143.401,24.62,WEAK,25.59,MODERATE,49.79,STRONG DEFEND,12.7575,2.30553328,168.862836,21102.96284,20765.23716,INSIDE,,,,,,
11-12-2023,20965.301,21026.1,20923.699,20997.1,20982.29967,212921451,253332219.5,0.84,20623.8178,20280.84449,19890.52115,19595.14781,19108.31969,20681.69242,,83.17182612,73.02144095,-4.099,-0.02,31.799,102.401,31.05,WEAK,28.32,MODERATE,40.63,STRONG DEFEND,12.7125,-0.352733686,168.4274078,21133.72841,20796.87359,INSIDE,,,,,,
12-12-2023,21018.551,21037.9,20867.15,20906.4,20937.15,244867128,263709980.8,0.93,20675.19638,20340.42121,19930.35953,19621.1132,19126.21104,20681.69242,,77.73710191,74.20939471,21.451,0.1,-112.151,170.75,65.68,STRONG,11.33,MILD,22.99,MODERATE,12.065,-5.093411996,159.9384143,21178.48941,20858.61259,INSIDE,,,,,,
13-12-2023,20929.75,20950,20769.5,20926.35,20881.95,260269318,267259660,0.97,20720.86068,20396.22395,19969.41798,19646.95948,19144.12287,20681.69242,,78.07644003,75.358519,23.35,0.11,-3.4,180.5,1.88,INDECISION,11.22,MILD,86.9,STRONG DEFEND,12.32,2.113551596,162.6364209,21092.38642,20767.11358,INSIDE,,,,,,
14-12-2023,21110.4,21210.9,21074.449,21182.699,21156.016,334410589,269406940.1,1.24,20804.83128,20471.12633,20016.99763,19677.37016,19164.40721,20777.26048,,81.89516899,76.81757289,184.05,0.88,72.299,136.451,52.99,MODERATE,20.67,MODERATE,26.35,MODERATE,13.1275,6.554383117,175.4543729,21285.85437,20934.94563,INSIDE,,,,,,
15-12-2023,21287.449,21492.301,21235.301,21456.65,21394.75067,508761756,280710694.4,1.81,20923.34377,20564.98573,20073.45459,19712.60342,19187.2156,20947.62898,,84.91845676,78.52179617,104.75,0.49,169.201,257,65.84,STRONG,13.87,MILD,20.29,MODERATE,13.9,5.884593411,188.2438462,21475.69285,21099.20515,INSIDE,,,,,,
18-12-2023,21434.801,21482.801,21365.35,21418.65,21422.267,249668965,281352769.6,0.89,21013.39945,20646.28709,20126.20735,19746.38652,19209.41892,21044.15748,,82.85173501,79.84112872,-21.849,-0.1,-16.151,117.451,13.75,INDECISION,40.87,STRONG REJECT,45.38,STRONG DEFEND,13.8675,-0.23381295,187.7206949,21622.52169,21247.08031,INSIDE,,,,,,
19-12-2023,21477.65,21505.051,21337.75,21453.1,21431.967,249750062,285151245.5,0.88,21093.34501,20723.12641,20178.24235,19780.18283,19231.74411,21050.54569,,83.24974293,80.76472788,59,0.28,-24.55,167.301,14.67,INDECISION,16.38,MILD,68.95,STRONG DEFEND,14.45,4.200468722,195.8084354,21673.45844,21281.84156,INSIDE,,,,,,
20-12-2023,21543.5,21593,21087.35,21150.15,21276.83333,363886229,293597106.4,1.24,21103.67319,20763.79533,20216.35638,19807.31089,19250.83272,21050.54569,,68.24839237,80.55162807,90.4,0.42,-393.35,505.65,77.79,STRONG,9.79,NONE,12.42,MILD,13.7575,-4.792387543,187.1869549,21730.68695,21356.31305,OUT,,24000,,,,
21-12-2023,21033.949,21288.35,20976.801,21255.051,21173.40067,277548079,298249611.1,0.93,21131.19643,20810.58158,20257.0895,19835.97901,19270.77519,21050.54569,,70.24762121,80.25780568,-116.201,-0.55,221.102,311.549,70.97,STRONG,10.69,MILD,18.34,MILD,13.7075,-0.363438125,183.8752726,21217.82427,20850.07373,OUT,,,23900,23930,23920,
22-12-2023,21295.85,21390.5,21232.449,21349.4,21324.11633,284708918,303983852.8,0.94,21170.8698,20861.89762,20299.92521,19865.94775,19291.45803,21050.54569,,71.95783605,79.59725372,40.799,0.19,53.55,158.051,33.88,WEAK,26,MODERATE,40.11,STRONG DEFEND,14.6775,7.076418019,197.8317982,21493.6818,21098.0182,INSIDE,,,,,,
26-12-2023,21365.199,21477.15,21329.449,21441.35,21415.983,219467748,307662488,0.71,21220.04802,20917.08356,20344.68696,19897.14383,19312.84999,21050.54569,,73.5533436,78.91166372,15.799,0.07,76.151,147.701,51.56,MODERATE,24.24,MODERATE,24.2,MODERATE,15.5575,5.995571453,210.5423826,21575.74138,21154.65662,INSIDE,,,,,,
27-12-2023,21497.65,21675.75,21495.801,21654.75,21608.767,256542963,309009884.6,0.83,21299.08474,20987.33751,20396.06199,19931.94791,19336.15248,21136.11749,,76.8459623,78.39881673,56.3,0.26,157.1,179.949,87.3,STRONG,11.67,MILD,1.03,NONE,15.14,-2.683593122,206.7869282,21704.43693,21290.86307,INSIDE,,,,,,
28-12-2023,21715,21801.449,21678,21778.699,21752.716,393080755,316851833.9,1.24,21386.28734,21062.70527,20450.28305,19968.51724,19360.45642,21321.31849,,78.51883107,78.15027851,60.25,0.28,63.699,123.449,51.6,MODERATE,18.43,MILD,29.97,MODERATE,14.5025,-4.210700132,199.2284273,21914.22843,21515.77157,INSIDE,,,,,,
29-12-2023,21737.65,21770.301,21676.9,21731.4,21726.20033,270922276,306068680.3,0.89,21449.03509,21126.39048,20500.52293,20003.42581,19384.0479,21348.15609,,76.25473136,77.68051355,-41.049,-0.19,-6.25,93.401,6.69,INDECISION,34.96,MODERATE,58.35,STRONG DEFEND,14.68,1.223926909,201.3787137,21939.02871,21536.27129,INSIDE,,,,,,
01-01-2024,21727.75,21834.35,21680.85,21741.9,21752.36667,153995217,300477812.8,0.51,21502.28326,21185.01044,20549.20438,20037.85104,19407.50911,21395.84447,,76.41730019,77.19804741,-3.65,-0.02,14.15,153.5,9.22,INDECISION,60.23,STRONG REJECT,30.55,MODERATE,14.58,-0.68119891,200.5953516,21928.34535,21527.15465,INSIDE,,,,,,
02-01-2024,21751.35,21755.6,21555.65,21665.801,21659.017,263711568,294608020.3,0.9,21532.01376,21230.80001,20592.99248,20070.08768,19429.97968,21395.84447,,72.54099448,76.82689688,9.45,0.04,-85.549,199.95,42.79,MODERATE,2.13,NONE,55.09,STRONG DEFEND,14.0975,-3.309327846,193.2574486,21944.60745,21558.09255,INSIDE,,,,,,
03-01-2024,21661.1,21677,21500.35,21517.35,21564.9,311933117,289154258.7,1.08,21529.34762,21258.09049,20629.2418,20098.74634,19450.74953,21395.84447,,65.55510503,75.93251581,-4.701,-0.02,-143.75,176.65,81.38,STRONG,9,NONE,9.62,NONE,13.33,-5.4442277,182.0758727,21843.17587,21479.02413,INSIDE,,,,,,
04-01-2024,21605.801,21685.65,21564.551,21658.6,21636.267,340364207,288211821.1,1.18,21552.84805,21296.23425,20669.60879,20129.63453,19472.7182,21395.84447,,68.64883173,74.98634886,88.451,0.41,52.799,121.099,43.6,MODERATE,22.34,MODERATE,34.06,MODERATE,12.63,-5.251312828,172.5833393,21778.38434,21433.21766,INSIDE,,,,,,
05-01-2024,21705.75,21749.6,21629.199,21710.801,21696.53333,309303266,289927719,1.07,21581.56677,21335.7168,20710.43985,20160.94475,19494.98768,21395.84447,,69.73084461,73.90151942,47.15,0.22,5.051,120.401,4.2,INDECISION,32.22,MODERATE,63.58,STRONG DEFEND,13.4625,6.591448931,184.501569,21890.25157,21521.24843,INSIDE,,,,,,
08-01-2024,21747.6,21763.949,21492.9,21513,21589.94967,231452935,286878327.4,0.81,21569.10008,21352.60091,20741.9128,20187.71813,19515.0674,21395.84447,,61.12259535,72.34943802,36.799,0.17,-234.6,271.049,86.55,STRONG,6.03,NONE,7.42,NONE,13.2625,-1.485608171,181.8805127,21929.48051,21565.71949,OUT,,,,,,
09-01-2024,21653.6,21724.449,21517.85,21544.85,21595.71633,228573407,287660925.2,0.79,21564.69098,21370.91035,20773.40053,20214.59202,19535.26424,21395.84447,,61.93740091,70.82712788,140.6,0.65,-108.75,206.599,52.64,MODERATE,34.29,MODERATE,13.07,MILD,12.97,-2.205466541,177.546379,21831.14638,21476.05362,INSIDE,,,,,,
10-01-2024,21529.301,21641.85,21448.65,21618.699,21569.733,216991926,286267165.1,0.76,21574.51062,21394.50927,20806.54949,20242.39612,19555.99494,21395.84447,,63.83027528,70.51154808,-15.549,-0.07,89.398,193.2,46.27,MODERATE,11.98,MILD,41.74,STRONG DEFEND,12.7675,-1.561295297,174.1098424,21703.41084,21355.19116,INSIDE,,,,,,
11-01-2024,21688,21726.5,21593.75,21647.199,21655.81633,212453866,283876392.5,0.75,21587.72669,21418.57496,20839.51614,20270.214,19576.80294,21395.84447,,64.56270976,70.10548298,69.301,0.32,-40.801,132.75,30.74,WEAK,29,MODERATE,40.26,STRONG DEFEND,13.1,2.604268651,179.3428796,21867.34288,21508.65712,INSIDE,,,,,,
12-01-2024,21773.551,21928.25,21715.15,21894.551,21845.98367,294678459,281889786,1.05,21643.51293,21463.90601,20880.89006,20302.37909,19599.86511,21419.40734,,70.20245308,69.98009848,126.352,0.58,121,213.1,56.78,MODERATE,15.81,MILD,27.41,MODERATE,13.785,5.229007634,190.4731734,21964.02417,21583.07783,INSIDE,,,,,,
15-01-2024,22053.15,22115.551,21963.551,22097.449,22058.85033,345543523,273728874.3,1.26,21726.04676,21524.24344,20928.59825,20337.92503,19624.71669,21629.31688,,73.87525803,70.00309237,158.599,0.72,44.299,152,29.14,WEAK,11.91,MILD,58.95,STRONG DEFEND,13.5725,-1.541530649,189.1388254,22242.28883,21864.01117,INSIDE,,,,,,
16-01-2024,22080.5,22124.15,21969.801,22032.301,22042.084,292433764,275867114.3,1.06,21781.72935,21572.62987,20971.88071,20371.47703,19648.67275,21657.0486,,70.8553214,69.57518945,-16.949,-0.08,-48.199,154.349,31.23,WEAK,28.28,MODERATE,40.49,STRONG DEFEND,15.08,11.10701787,210.228218,22290.72822,21870.27178,INSIDE,,,,,,
17-01-2024,21647.25,21851.5,21550.449,21571.949,21657.966,455999867,286179604.5,1.59,21743.58747,21572.56503,20995.4128,20395.24875,19667.80983,,22205.65682,54.04346606,67.82694909,-385.051,-1.75,-75.301,301.051,25.01,WEAK,67.85,STRONG REJECT,7.14,NONE,14.07,-6.697612732,193.73069,21840.98069,21453.51931,INSIDE,,,,,,
18-01-2024,21414.199,21539.4,21285.551,21462.25,21429.067,387341268,287352356.5,1.35,21692.4352,21562.05883,21013.72014,20416.37749,19685.66495,,21930.78056,50.94166712,66.01887307,-157.75,-0.73,48.051,253.849,18.93,INDECISION,30.39,MODERATE,50.68,STRONG DEFEND,13.8775,-1.368159204,188.3509915,21602.54999,21225.84801,INSIDE,,,,,,
19-01-2024,21615.199,21670.6,21575,21622.4,21622.66667,343055124,290627708.7,1.18,21679.70153,21567.80561,21037.58994,20440.25912,19704.93595,,21930.78056,55.00209414,64.4892155,152.949,0.71,7.201,95.6,7.53,INDECISION,50.42,STRONG REJECT,42.05,STRONG DEFEND,13.8025,-0.540443163,188.4741377,21803.67314,21426.72486,INSIDE,,,,,,
20-01-2024,21706.15,21720.3,21541.8,21571.8,21611.3,162073740,284495949.8,0.57,21660.08307,21568.18603,21058.53935,20462.66587,19723.51171,,21930.78056,53.49553995,63.12882589,83.75,0.39,-134.35,178.5,75.27,STRONG,7.93,NONE,16.81,MILD,14.8525,7.607317515,203.2770988,21909.4271,21502.8729,INSIDE,,,,,,
23-01-2024,21716.699,21750.25,21192.6,21238.801,21393.88367,449718534,296008489.1,1.52,21583.48633,21536.81603,21065.60844,20478.03488,19738.58922,,21930.78056,44.79892537,61.64624163,144.899,0.67,-477.898,557.65,85.7,STRONG,6.02,NONE,8.28,NONE,14.375,-3.214946979,197.0131341,21913.71213,21519.68587,OUT,,,,,,
24-01-2024,21185.25,21482.35,21137.199,21453.949,21357.83267,407460664,303554374.2,1.34,21559.93409,21528.92393,21080.83748,20497.35992,19755.65747,,21926.94673,50.40837271,60.3433517,-53.551,-0.25,268.699,345.151,77.85,STRONG,8.23,NONE,13.92,MILD,13.865,-3.547826087,187.6829129,21372.93291,20997.56709,OUT,,,24100,24080,24090,
25-01-2024,21454.6,21459,21247.051,21352.6,21352.88367,418143077,304807490.3,1.37,21522.23698,21512.13117,21091.49483,20514.29536,19771.54745,,21926.94673,47.9371516,58.78665934,0.651,0,-102,211.949,48.12,MODERATE,2.08,NONE,49.8,STRONG DEFEND,15.68,13.09051569,212.0208696,21666.62087,21242.57913,INSIDE,,24000,,,,
29-01-2024,21433.1,21763.25,21429.6,21737.6,21643.48333,376702289,310096490.9,1.21,21561.39389,21533.6044,21116.83229,20538.51922,19791.11016,,21926.94673,56.63437261,58.466072,80.5,0.38,304.5,333.65,91.26,STRONG,7.69,NONE,1.05,NONE,16.102501,2.694521684,220.8208915,21653.92089,21212.27911,OUT,,,,,,
30-01-2024,21775.75,21813.051,21501.801,21522.1,21612.31733,375137333,321153596.7,1.17,21554.24955,21532.50874,21132.72514,20557.99607,19808.33394,,21926.94673,51.45311179,57.71719421,38.15,0.18,-253.65,311.25,81.49,STRONG,11.98,MILD,6.52,NONE,16.047501,-0.341561848,220.5702317,21996.32023,21555.17977,OUT,,,23900,23930,23920,
31-01-2024,21487.25,21741.35,21448.85,21725.699,21638.633,410583065,328497171.6,1.25,21585.42218,21550.90781,21155.97902,20581.1189,19827.4122,,21926.94673,55.58717235,57.12840114,-34.85,-0.16,238.449,292.5,81.52,STRONG,5.35,NONE,13.13,MILD,14.455,-9.923669735,198.0284904,21685.27849,21289.22151,OUT,,,,,,
01-02-2024,21780.65,21832.949,21658.75,21697.449,21729.716,332541208,329527576.1,1.01,21605.79069,21564.86411,21177.21314,20603.22444,19846.01953,,21926.94673,54.88873707,56.43740309,54.951,0.25,-83.201,174.199,47.76,MODERATE,30.02,MODERATE,22.22,MODERATE,14.6975,1.677620201,202.1989716,21982.84897,21578.45103,INSIDE,,,,,,
02-02-2024,21812.75,22126.801,21805.551,21853.801,21928.71767,442794738,334649102.7,1.32,21650.88347,21592.38191,21203.74599,20627.98833,19865.99746,,21926.94673,58.03172275,55.56806521,115.301,0.53,41.051,321.25,12.78,INDECISION,84.98,STRONG REJECT,2.24,NONE,15.6175,6.259567954,217.7475202,22030.49752,21595.00248,INSIDE,,,,,,
05-02-2024,21921.051,21964.301,21726.949,21771.699,21820.983,440849699,341226424.3,1.29,21672.84993,21609.45973,21226.01866,20650.63607,19884.95966,,21926.94673,55.8319628,54.27925841,67.25,0.31,-149.352,237.352,62.92,STRONG,18.22,MILD,18.85,MILD,15.785,1.072514807,218.4665982,22139.5176,21702.5844,INSIDE,,,,,,
06-02-2024,21825.199,21951.4,21737.551,21929.4,21872.78367,370968111,348202183.1,1.07,21719.4954,21639.93023,21253.60224,20675.95813,19905.30235,21343.21805,,59.04339784,53.43554958,53.5,0.25,104.201,213.849,48.73,MODERATE,10.29,MILD,40.99,STRONG DEFEND,15.505,-1.77383592,214.4653163,22039.66432,21610.73368,INSIDE,,,,,,
07-02-2024,22045.051,22053.301,21860.15,21930.5,21947.98367,346263704,354086698,0.98,21757.85987,21667.60354,21280.14725,20700.80054,19925.45357,21431.31684,,59.06575521,53.79428452,115.651,0.53,-114.551,193.151,59.31,MODERATE,4.27,NONE,36.42,MODERATE,15.8275,2.079974202,219.9424207,22264.99342,21825.10858,INSIDE,,,,,,
08-02-2024,22009.65,22011.051,21665.301,21717.949,21798.10033,491069786,367790591,1.34,21750.60335,21672.39835,21297.31595,20720.9421,19943.28935,21431.31684,,53.0406976,53.94421527,79.15,0.36,-291.701,345.75,84.37,STRONG,0.41,NONE,15.23,MILD,15.4475,-2.400884536,214.2506051,22223.90061,21795.39939,OUT,,,,,,
09-02-2024,21727,21804.449,21629.9,21782.5,21738.94967,349222850,374629040.2,0.93,21756.40274,21682.88422,21316.34277,20741.96304,19961.58995,21431.31684,,54.55676729,53.91240621,9.051,0.04,55.5,174.549,31.8,WEAK,12.57,MILD,55.63,STRONG DEFEND,16.0625,3.981226736,220.6893271,21947.68933,21506.31067,INSIDE,,,,,,
12-02-2024,21800.801,21831.699,21574.75,21616.051,21674.16667,287436165,374266925.5,0.77,21730.88424,21676.51915,21328.09604,20759.27172,19978.05225,21431.31684,,50.06806088,53.66758627,18.301,0.08,-184.75,256.949,71.9,STRONG,12.02,MILD,16.07,MILD,15.8075,-1.587548638,217.4572035,22018.2582,21583.3438,INSIDE,,,,,,
13-02-2024,21664.301,21766.801,21543.35,21743.25,21684.467,365785766,375279037.6,0.97,21733.13256,21682.87447,21344.37659,20778.75644,19995.61641,21431.31684,,53.23459698,54.27013425,48.25,0.22,78.949,223.451,35.33,WEAK,10.54,MILD,54.13,STRONG DEFEND,15.435,-2.356476356,211.7016846,21876.00268,21452.59932,INSIDE,,,,,,
14-02-2024,21578.15,21870.85,21530.199,21840.051,21747.03333,359120861,378613392.5,0.95,21752.57228,21697.84366,21363.8148,20799.77217,20013.96899,21431.31684,,55.54509969,54.63704332,-165.1,-0.76,261.901,340.651,76.88,STRONG,9.04,NONE,14.08,MILD,15.225,-1.360544218,209.8195912,21787.96959,21368.33041,OUT,,,,,,
15-02-2024,21906.551,21953.85,21794.801,21910.75,21886.467,345394395,373083118.9,0.93,21781.33186,21718.12046,21385.26324,20821.77173,20032.84243,21431.31684,,57.20798629,55.2992458,66.5,0.3,4.199,159.049,2.64,INDECISION,27.1,MODERATE,70.26,STRONG DEFEND,15.2225,-0.016420361,210.5812739,22117.13227,21695.96973,INSIDE,,,,,,
16-02-2024,22020.301,22068.65,21968.949,22040.699,22026.09933,343892935,370910702.2,0.93,21828.48953,21748.84222,21410.9666,20845.9089,20052.8211,21560.35669,,60.15802812,55.55093548,109.551,0.5,20.398,99.701,20.46,WEAK,28.03,MODERATE,51.51,STRONG DEFEND,16.0175,5.222532436,222.737619,22243.03862,21797.56338,INSIDE,,,,,,
19-02-2024,22103.449,22186.65,22021.051,22122.25,22109.98367,218252325,364670562.3,0.6,21881.90052,21784.40487,21438.86007,20871.18298,20073.41244,21670.85665,,61.93168706,56.29940514,62.75,0.28,18.801,165.599,11.35,INDECISION,38.89,MODERATE,49.76,STRONG DEFEND,16.0725,0.343374434,224.6974998,22328.1465,21878.7515,INSIDE,,,,,,
20-02-2024,22099.199,22215.6,22045.85,22196.949,22152.79967,295705319,371352141.2,0.8,21939.18206,21823.69479,21468.58904,20897.43578,20094.54215,21716.42992,,63.53308227,56.86697013,-23.051,-0.1,97.75,169.75,57.58,MODERATE,10.99,MILD,31.43,MODERATE,15.9275,-0.902162078,222.960913,22322.15991,21876.23809,INSIDE,,,,,,
21-02-2024,22248.85,22249.4,21997.949,22055.051,22100.8,364545679,367093498.5,0.99,21960.24914,21845.72871,21491.58755,20920.35885,20114.0497,21716.42992,,58.49890183,57.12483904,51.901,0.23,-193.799,251.451,77.07,STRONG,0.22,NONE,22.71,MODERATE,15.1975,-4.583267933,213.0656941,22461.91569,22035.78431,INSIDE,,,,,,
22-02-2024,22081.551,22252.5,21875.25,22217.449,22115.06633,343495136,363895222.1,0.94,22007.01275,21881.13064,21520.05271,20946.0438,20134.97905,21716.42992,,62.19130896,57.42195234,26.5,0.12,135.898,377.25,36.02,WEAK,9.29,NONE,54.69,STRONG DEFEND,14.9725,-1.480506662,209.9404891,22291.49149,21871.61051,INSIDE,,,,,,
23-02-2024,22290,22297.5,22186.1,22212.699,22232.09967,225983194,354287227.9,0.64,22044.41025,21912.70858,21547.21531,20971.12609,20155.65288,21800.02946,,62.01750411,57.86377672,72.551,0.33,-77.301,111.4,69.39,STRONG,6.73,NONE,23.88,MODERATE,15.6,4.191016864,219.1814745,22509.18147,22070.81853,INSIDE,,,,,,
26-02-2024,22169.199,22202.15,22075.15,22122.051,22133.117,207775504,345840888.7,0.6,22058.52675,21932.64596,21569.75788,20993.91668,20175.21903,21800.02946,,58.64896314,57.83560282,-43.5,-0.2,-47.148,127,37.12,WEAK,25.95,MODERATE,36.93,MODERATE,15.7275,0.817307692,220.0279232,22389.22692,21949.17108,INSIDE,,,,,,
27-02-2024,22090.199,22218.25,22085.65,22198.35,22167.41667,252199186,339693981.3,0.74,22083.94916,21957.9511,21594.40855,21017.76684,20195.34969,21800.02946,,60.58934201,57.94443044,-31.852,-0.14,108.151,132.6,81.56,STRONG,15.01,MILD,3.43,NONE,16.33,3.830869496,228.6225725,22318.82157,21861.57643,INSIDE,,,,,,
28-02-2024,22214.1,22229.15,21915.85,21951.15,22032.05,202952371,329312446.6,0.62,22059.80386,21957.30338,21608.39842,21036.24968,20212.82034,21800.02946,,52.06500937,57.87473843,15.75,0.07,-262.95,313.3,83.93,STRONG,4.8,NONE,11.27,MILD,15.5725,-4.638701776,218.1244098,22432.22441,21995.97559,OUT,,,,,,
29-02-2024,21935.199,22060.551,21860.65,21982.801,21968.00067,360165824,330693677.4,1.09,22045.80334,21959.73172,21623.08087,21054.99327,20230.43208,21800.02946,,52.97722202,57.76191377,-15.951,-0.07,47.602,199.901,23.81,WEAK,38.89,MODERATE,37.29,MODERATE,15.235,-2.167282068,211.7785094,22146.97751,21723.42049,INSIDE,,,,,,
01-03-2024,22048.301,22353.301,22047.75,22338.75,22246.60033,351503075,326129094.3,1.08,22099.06637,21995.8287,21651.14633,21080.41419,20251.41037,21800.02946,,61.78493359,58.59883325,65.5,0.3,290.449,305.551,95.06,STRONG,4.76,NONE,0.18,NONE,14.9925,-1.59172957,211.173198,22259.4742,21837.1278,OUT,,,,,,
02-03-2024,22406.949,22419.551,22367.051,22378.4,22388.334,35763814,305874800,0.12,22149.8543,22032.26406,21679.66608,21106.11688,20272.57445,21971.5206,,62.62473988,59.26955774,68.199,0.31,-28.549,52.5,54.38,MODERATE,24,MODERATE,21.62,MODERATE,14.9225,-0.466900117,210.8101763,22617.75918,22196.13882,INSIDE,,,,,,
04-03-2024,22403.5,22440.9,22358.301,22405.6,22401.60033,298794435,302266116.2,0.99,22196.35352,22067.81987,21708.13407,21131.84922,20293.79858,22029.13658,,63.22183694,59.81789611,25.1,0.11,2.1,82.599,2.54,INDECISION,42.74,STRONG REJECT,54.72,STRONG DEFEND,14.38,-3.635449824,203.339724,22606.83972,22200.16028,INSIDE,,,,,,
05-03-2024,22371.25,22416.9,22269.15,22356.301,22347.45033,296153036,299760582.8,0.99,22225.43488,22095.29426,21733.55239,21156.09579,20314.321,22029.13658,,61.31002106,60.1108986,-34.35,-0.15,-14.949,147.75,10.12,INDECISION,30.9,MODERATE,58.99,STRONG DEFEND,14.295,-0.591098748,201.921604,22573.1716,22169.3284,INSIDE,,,,,,
06-03-2024,22327.5,22497.199,22224.35,22474.051,22398.53333,312262560,290820221.5,1.07,22270.63781,22131.36633,21762.59155,21182.19391,20335.81085,22029.13658,,64.1022658,60.39262986,-28.801,-0.13,146.551,272.849,53.71,MODERATE,8.48,NONE,37.8,MODERATE,13.6125,-4.774396642,192.9698307,22520.46983,22134.53017,INSIDE,,,,,,
07-03-2024,22505.301,22525.65,22430,22493.551,22483.067,379865142,292352336.1,1.3,22311.16748,22165.86011,21791.25662,21208.16138,20357.2809,22124.75179,,64.55843531,60.58025474,31.25,0.14,-11.75,95.65,12.28,INDECISION,21.27,MODERATE,66.44,STRONG DEFEND,13.995,2.809917355,198.6430194,22703.94402,22306.65798,INSIDE,,,,,,
11-03-2024,22517.5,22526.6,22307.25,22332.65,22388.83333,277897373,291875396.5,0.95,22315.07339,22181.74486,21812.48774,21230.42848,20376.93631,22124.75179,,58.00819296,60.18561978,23.949,0.11,-184.85,219.35,84.27,STRONG,4.15,NONE,11.58,MILD,13.6375,-2.554483744,193.5768793,22711.07688,22323.92312,INSIDE,,,,,,
12-03-2024,22334.449,22452.551,22256,22335.699,22348.08333,299201167,288546166.6,1.04,22318.8235,22196.40716,21833.00582,21252.31503,20396.42649,22124.75179,,58.09495984,60.15676679,1.799,0.01,1.25,196.551,0.64,INDECISION,59.45,STRONG REJECT,39.91,MODERATE,14.4325,5.829514207,204.1880544,22538.63705,22130.26095,INSIDE,,,,,,
13-03-2024,22432.199,22446.75,21905.65,21997.699,22116.69967,493341697,295257208.4,1.67,22260.43723,22177.48257,21839.46438,21267.07511,20412.35955,,22692.4634,46.59974837,59.04308389,96.5,0.43,-434.5,541.1,80.3,STRONG,2.69,NONE,17.01,MILD,13.6225,-5.612333276,192.6785456,22624.87755,22239.52045,OUT,,,,,,
14-03-2024,21982.551,22204.6,21917.5,22146.65,22089.58333,426742460,299324611.6,1.43,22239.74864,22174.54614,21851.51088,21284.49243,20429.61617,,22588.90072,51.18384231,58.2692509,-15.148,-0.07,164.099,287.1,57.16,MODERATE,20.18,MODERATE,22.66,MODERATE,13.69,0.495503762,191.5444071,22174.09541,21791.00659,INSIDE,,,,,,
15-03-2024,22064.85,22120.9,21931.699,22023.35,22025.31633,661460455,315202987.6,2.1,22200.40344,22160.14651,21858.24966,21299.12327,20445.47422,,22534.56048,47.54534121,57.47613505,-81.8,-0.37,-41.5,189.201,21.93,WEAK,29.62,MODERATE,48.44,STRONG DEFEND,13.895,1.497443389,193.6798396,22258.52984,21871.17016,INSIDE,,,,,,
18-03-2024,21990.1,22123.699,21916.551,22055.699,22031.983,356321519,322106447.3,1.11,22174.09354,22150.19912,21865.99278,21314.10497,20461.49635,,22509.59298,48.57814968,56.61819274,-33.25,-0.15,65.599,207.148,31.67,WEAK,32.83,MODERATE,35.51,MODERATE,14.1125,1.565311263,196.7364223,22186.83642,21793.36358,INSIDE,,,,,,
19-03-2024,21946.449,21978.301,21793.1,21817.449,21862.95,344157465,324529054.6,1.06,22109.24908,22118.50864,21864.0891,21324.07218,20474.98842,,22382.31449,42.01650926,55.90044273,-109.25,-0.5,-129,185.201,69.65,STRONG,17.2,MILD,13.15,MILD,13.4725,-4.534986714,186.5801262,22133.02913,21759.86887,INSIDE,,,,,,
20-03-2024,21843.9,21930.9,21710.199,21839.1,21826.733,312414696,321922505.5,0.97,22060.13106,22091.89829,21863.10913,21334.27075,20488.56167,,22306.12109,42.77299752,55.17156955,26.451,0.12,-4.8,220.701,2.17,INDECISION,39.42,MODERATE,58.41,STRONG DEFEND,12.5125,-7.125626276,172.9113965,22016.8114,21670.9886,INSIDE,,,,,,
21-03-2024,21989.9,22080.949,21941.301,22011.949,22011.39967,353172434,322406370.4,1.1,22051.37069,22084.28407,21868.94599,21347.69012,20503.71975,,22306.12109,48.5446714,54.22583654,150.8,0.69,22.049,139.648,15.79,INDECISION,49.41,STRONG REJECT,34.8,MODERATE,12.22,-2.337662338,170.0246987,22159.9247,21819.8753,INSIDE,,,,,,
22-03-2024,21932.199,22180.699,21883.301,22096.75,22053.58333,388656439,330540032.6,1.18,22059.62147,22085.4713,21877.87948,21362.52299,20519.5708,,22306.12109,51.14784595,53.4060584,-79.75,-0.36,164.551,297.398,55.33,MODERATE,28.23,MODERATE,16.44,MILD,12.82,4.909983633,179.1786775,22111.37768,21753.02032,INSIDE,,,,,,
26-03-2024,21947.9,22073.199,21947.551,22004.699,22008.483,328403719,336571443.4,0.98,22049.63557,22077.7787,21882.8528,21375.23935,20534.34819,,22306.12109,48.29184125,52.33963014,-148.85,-0.67,56.799,125.648,45.2,MODERATE,54.52,STRONG REJECT,0.28,NONE,12.7025,-0.916536661,176.6759989,22124.576,21771.224,INSIDE,,,,,,
27-03-2024,22053.949,22193.6,22052.85,22123.65,22123.36667,409136866,344418327.4,1.19,22063.09274,22082.1474,21892.29582,21390.05936,20550.16214,,22306.12109,52.02017275,51.67606954,49.25,0.22,69.701,140.75,49.52,MODERATE,49.7,STRONG REJECT,0.78,NONE,12.8325,1.023420586,179.4577013,22233.4067,21874.4913,INSIDE,,,,,,
28-03-2024,22163.6,22516,22163.6,22326.9,22335.5,410532842,354797350.9,1.16,22111.05769,22105.45717,21909.33912,21408.61066,20567.84113,21824.57299,,57.6404064,51.21450816,39.95,0.18,163.3,352.4,46.34,MODERATE,53.66,STRONG REJECT,0,NONE,12.0825,-5.844535359,171.4237996,22335.0238,21992.1762,INSIDE,,,,,,
01-04-2024,22455,22529.949,22427.75,22462,22473.233,243637071,348970913.3,0.7,22174.86539,22139.41363,21931.0121,21429.46985,20586.68848,21985.44829,,60.91749067,50.95444068,128.1,0.57,7,102.199,6.85,INDECISION,66.49,STRONG REJECT,26.66,MODERATE,11.6525,-3.558866129,165.4254762,22620.42548,22289.57452,INSIDE,,,,,,
02-04-2024,22458.801,22497.6,22388.15,22453.301,22446.35033,289524237,345871971.4,0.84,22225.49004,22169.30766,21951.49402,21449.74374,20605.26174,22004.37403,,60.59243862,51.13902966,-3.199,-0.01,-5.5,109.45,5.03,INDECISION,35.45,MODERATE,59.53,STRONG DEFEND,11.3725,-2.402917829,161.2186238,22620.01962,22297.58238,INSIDE,,,,,,
03-04-2024,22385.699,22521.1,22346.5,22434.65,22434.08333,309647491,359566155.2,0.86,22263.51913,22194.57836,21970.44131,21469.24683,20623.46461,22013.15923,,59.85499505,51.26474646,-67.602,-0.3,48.951,174.6,28.04,WEAK,49.51,STRONG REJECT,22.45,MODERATE,11.22,-1.340954056,159.2228998,22544.9219,22226.4761,INSIDE,,,,,,
04-04-2024,22592.1,22619,22303.801,22514.65,22479.15033,400986156,364675741.3,1.1,22309.17929,22225.06138,21991.78283,21489.94789,20642.28237,22013.15923,,61.99177824,52.36417717,157.45,0.7,-77.45,315.199,24.57,WEAK,8.53,NONE,66.89,STRONG DEFEND,11.3375,1.047237077,161.5897369,22753.68974,22430.51026,INSIDE,,,,,,
05-04-2024,22486.4,22537.6,22427.6,22513.699,22492.96633,242244731,361980326,0.67,22346.36469,22252.55067,22012.25013,21510.22019,20660.90343,22068.52622,,61.94956561,53.1331574,-28.25,-0.13,27.299,110,24.82,WEAK,21.73,MODERATE,53.45,STRONG DEFEND,11.61,2.403528115,164.8780945,22651.27809,22321.52191,INSIDE,,,,,,
08-04-2024,22578.35,22697.301,22550.35,22666.301,22637.984,227633561,357748876.1,0.64,22404.53493,22291.95547,22037.89918,21533.11287,20680.85764,22219.12568,,65.95563078,54.44817808,64.651,0.29,87.951,146.951,59.85,MODERATE,21.1,MODERATE,19.05,MILD,11.355,-2.196382429,162.3994032,22740.7494,22415.9506,INSIDE,,,,,,
09-04-2024,22765.1,22768.4,22612.25,22642.75,22674.46667,232356772,350373457.6,0.66,22447.84676,22325.36447,22061.61882,21555.08589,20700.37895,22304.10514,,64.82137644,55.60840857,98.799,0.44,-122.35,156.15,78.35,STRONG,2.11,NONE,19.53,MILD,11.1075,-2.179656539,159.3572798,22924.45728,22605.74272,INSIDE,,,,,,
10-04-2024,22720.25,22775.699,22673.699,22753.801,22734.39967,276847931,350320985.5,0.79,22503.4748,22366.16795,22088.76322,21578.82282,20720.81101,22362.54351,,67.64674051,57.43913937,77.5,0.34,33.551,102,32.89,WEAK,21.47,MODERATE,45.64,STRONG DEFEND,11.5325,3.826243529,165.5077182,22885.75772,22554.74228,INSIDE,,,,,,
12-04-2024,22677.4,22726.449,22503.75,22519.4,22583.19967,357187778,353220316,1.01,22506.37029,22380.76148,22105.65094,21597.44811,20738.70742,22362.54351,,57.20340713,58.46988291,-76.401,-0.34,-158,222.699,70.95,STRONG,22.02,MODERATE,7.03,NONE,12.4675,8.10752222,178.5393843,22855.93938,22498.86062,INSIDE,,,,,,
15-04-2024,22339.051,22427.449,22259.551,22272.5,22319.83333,355465814,346326521.9,1.03,22463.84842,22370.45086,22112.19404,21610.81547,20753.96904,,22759.23543,48.67873201,58.47945867,-180.349,-0.8,-66.551,167.898,39.64,WEAK,52.65,STRONG REJECT,7.71,NONE,12.615,1.183075998,178.2749018,22517.3259,22160.7761,INSIDE,,,,,,
16-04-2024,22125.301,22213.75,22079.449,22147.9,22147.033,317267066,340852752.2,0.93,22406.40325,22349.25554,22113.59427,21621.45081,20767.839,,22556.40824,45.03157304,58.04258204,-147.199,-0.66,22.599,134.301,16.83,INDECISION,49.03,STRONG REJECT,34.14,MODERATE,13.04,3.369005153,182.5250788,22307.82608,21942.77592,INSIDE,,,,,,
18-04-2024,22212.35,22326.5,21961.699,21995.85,22094.683,456906707,330625064.8,1.38,22331.75721,22315.59787,22108.97685,21628.86466,20780.05801,,22556.40824,40.99511357,57.5213872,64.45,0.29,-216.5,364.801,59.35,MODERATE,31.29,MODERATE,9.36,NONE,13.4575,3.201687117,189.3250622,22401.67506,22023.02494,OUT,,,,,,
19-04-2024,21861.5,22179.551,21777.65,22147,22034.73367,362530569,330935517.3,1.1,22298.16499,22299.54093,22110.46795,21639.12476,20793.65943,,22518.37482,46.16145607,57.10290744,-134.35,-0.61,285.5,401.901,71.04,STRONG,8.1,NONE,20.86,MODERATE,12.7,-5.628831507,177.4923111,22038.99231,21684.00769,OUT,,,,,,
22-04-2024,22336.9,22375.65,22198.15,22336.4,22303.4,279259571,327690622.6,0.85,22305.11681,22303.05132,22119.32803,21652.93219,20809.01008,,22518.37482,51.8505494,56.68934623,189.9,0.86,-0.5,177.5,0.28,INDECISION,21.83,MODERATE,77.89,STRONG DEFEND,10.195,-19.72440945,143.7427547,22480.64275,22193.15725,INSIDE,,,,,,
23-04-2024,22447.051,22447.551,22349.449,22368,22388.33333,231520813,323645928.4,0.72,22316.55012,22309.23691,22129.07988,21667.09195,20824.52242,,22518.37482,52.74769826,56.10578962,110.651,0.5,-79.051,98.102,80.58,STRONG,0.51,NONE,18.91,MILD,10.275,0.784698382,145.3362234,22592.38722,22301.71478,INSIDE,,,,,,
24-04-2024,22421.551,22476.449,22384,22402.4,22420.94967,235898642,317782238.8,0.74,22332.15919,22318.10958,22139.79831,21681.65251,20840.22269,,22518.37482,53.75780589,55.61760157,53.551,0.24,-19.151,92.449,20.72,WEAK,59.38,STRONG REJECT,19.9,MILD,10.73,4.428223844,151.9674214,22573.51842,22269.58358,INSIDE,,,,,,
25-04-2024,22316.9,22625.949,22305.25,22570.35,22500.51633,475044740,322101653.9,1.47,22375.46661,22342.13248,22156.68269,21699.25048,20857.43789,22016.37773,,58.43009748,55.51582317,-85.5,-0.38,253.45,320.699,79.03,STRONG,17.34,MILD,3.63,NONE,10.925,1.817334576,155.7583446,22472.65834,22161.14166,OUT,,,,,,
26-04-2024,22620.4,22620.4,22385.551,22419.949,22475.3,329887340,322175834.9,1.02,22383.55431,22349.54358,22167.00686,21713.52174,20872.98526,22041.55029,,53.24207469,54.89084435,50.05,0.22,-200.451,234.849,85.35,STRONG,0,NONE,14.65,MILD,12.235,11.99084668,174.3923088,22794.79231,22446.00769,OUT,,,,,,
29-04-2024,22475.551,22655.801,22441.9,22643.4,22580.367,291957361,316316859.7,0.92,22430.79898,22377.5299,22185.68895,21731.93517,20890.60133,22085.36953,,59.05837242,54.68433055,55.602,0.25,167.849,213.901,78.47,STRONG,5.8,NONE,15.73,MILD,12.87,5.190028606,183.7304089,22659.28141,22291.82059,INSIDE,,,,,,
30-04-2024,22679.65,22783.35,22568.4,22604.85,22652.2,361859375,313883186.3,1.15,22462.44462,22399.17944,22202.12663,21749.22061,20907.65853,22219.11022,,57.72430772,54.0963789,36.25,0.16,-74.8,214.95,34.8,WEAK,48.24,STRONG REJECT,16.96,MILD,13.445,4.467754468,193.0196224,22872.66962,22486.63038,INSIDE,,,,,,
02-05-2024,22567.85,22710.5,22567.85,22648.199,22642.183,445909456,323996805.6,1.38,22496.21815,22422.89558,22219.61967,21767.02216,20924.97734,22219.11022,,58.84996205,53.6698493,-37,-0.16,80.349,142.65,56.33,MODERATE,43.67,STRONG REJECT,0,NONE,14.6175,8.72071402,209.1813067,22777.03131,22358.66869,INSIDE,,,,,,
03-05-2024,22766.35,22794.699,22348.051,22475.85,22539.53333,438060727,331423630.1,1.32,22492.51485,22427.93886,22229.66792,21781.05836,20940.40891,22219.11022,,52.82731738,52.61131908,118.151,0.52,-290.5,446.648,65.04,STRONG,6.35,NONE,28.61,MODERATE,16.6,13.56251069,238.4322643,23004.78226,22527.91774,OUT,,,,,,
06-05-2024,22561.6,22588.801,22409.449,22442.699,22480.31633,320255789,331954045,0.96,22483.45742,22429.34459,22238.02208,21794.16015,20955.35707,22219.11022,,51.7306831,52.22041022,85.75,0.38,-118.901,179.352,66.29,STRONG,15.17,MILD,18.54,MILD,17.0075,2.454819277,242.0787858,22803.67879,22319.52121,INSIDE,,,,,,
07-05-2024,22489.75,22499.051,22232.051,22302.5,22344.534,297815469,326795510.6,0.91,22450.55607,22417.26415,22240.55062,21804.22629,20968.76148,22219.11022,,47.26229364,52.11923605,47.051,0.21,-187.25,267,70.13,STRONG,3.48,NONE,26.39,MODERATE,17.08,0.426282522,242.1447959,22731.8948,22247.6052,INSIDE,,,,,,
08-05-2024,22231.199,22368.65,22185.199,22302.5,22285.44967,277438692,328555208.7,0.84,22423.63679,22406.33423,22242.98001,21814.09309,20982.03251,22219.11022,,47.26229364,52.27857324,-71.301,-0.32,71.301,183.451,38.87,WEAK,36.06,MODERATE,25.07,MODERATE,18.200001,6.557382904,256.5276953,22487.7267,21974.6713,INSIDE,,,,,,
09-05-2024,22224.801,22307.75,21932.4,21957.5,22065.88333,331327454,333739903.3,0.99,22338.88464,22363.58812,22231.78472,21816.93283,20991.73865,,22645.61698,37.91549164,52.05860024,-77.699,-0.35,-267.301,375.35,71.21,STRONG,22.1,MODERATE,6.69,NONE,18.4725,1.49724717,259.6596798,22484.46068,21965.14132,OUT,,,,,,
10-05-2024,21990.949,22131.301,21950.301,22055.199,22045.60033,265804411,335412285.3,0.79,22287.30544,22334.21772,22224.85979,21821.65098,21002.32035,,22533.63459,41.44694531,51.72184947,33.449,0.15,64.25,181,35.5,WEAK,42.05,STRONG REJECT,22.46,MODERATE,20.6,11.51712004,287.2746066,22278.22361,21703.67439,INSIDE,,,,,,
13-05-2024,22027.949,22131.65,21821.051,22104.051,22018.91733,278186886,335479233,0.83,22253.98645,22312.29708,22220.12219,21827.24306,21013.28284,,22494.85697,43.18712442,51.1030334,-27.25,-0.12,76.102,310.599,24.5,WEAK,8.89,NONE,66.61,STRONG DEFEND,20.195,-1.966019417,281.6311731,22309.58017,21746.31783,INSIDE,,,,,,
14-05-2024,22112.9,22270.051,22081.25,22217.85,22189.717,230238941,329131791.2,0.7,22247.41618,22303.30212,22220.03308,21834.97785,21025.26858,,22494.85697,47.1289982,50.70169768,8.849,0.04,104.95,188.801,55.59,MODERATE,27.65,MODERATE,16.76,MILD,20.272499,0.383753404,284.4798908,22397.37989,21828.42011,INSIDE,,,,,,
15-05-2024,22255.6,22297.551,22151.75,22200.551,22216.61733,231935478,322955274.4,0.72,22238.89524,22293.5163,22219.26908,21842.21692,21036.96294,,22494.85697,46.59969291,50.1904039,37.75,0.17,-55.049,145.801,37.76,WEAK,28.77,MODERATE,33.47,MODERATE,19.995001,-1.368839629,280.9322965,22536.5323,21974.6677,INSIDE,,,,,,
16-05-2024,22319.199,22432.25,22054.551,22403.85,22296.88367,368945092,325539175.7,1.13,22268.88702,22304.02427,22226.50754,21853.33837,21050.5638,,22494.85697,53.24540138,49.82006846,118.648,0.53,84.651,377.699,22.41,WEAK,7.52,NONE,70.07,STRONG DEFEND,19.797501,-0.987746887,279.837739,22599.03674,22039.36126,INSIDE,,,,,,
17-05-2024,22415.25,22502.15,22345.65,22466.1,22437.96667,242654570,314826568.8,0.77,22304.74392,22319.46006,22235.90333,21865.47226,21064.64874,,22494.85697,55.0884809,49.95195462,11.4,0.05,50.85,156.5,32.49,WEAK,23.04,MODERATE,44.47,STRONG DEFEND,20.525,3.674701166,291.0249709,22706.27497,22124.22503,INSIDE,,,,,,
18-05-2024,22512.85,22520.25,22470.051,22502,22497.43367,19064566,297653268.7,0.06,22340.60866,22336.84481,22246.33849,21878.07677,21078.95074,22096.02216,,56.16175988,49.74505373,46.75,0.21,-10.85,50.199,21.61,WEAK,14.74,MILD,63.64,STRONG DEFEND,21.809999,6.260652862,309.4937807,22822.34378,22203.35622,INSIDE,,,,,,
21-05-2024,22404.551,22591.1,22404.551,22529.051,22508.234,347591587,301069869.5,1.15,22374.87091,22355.15016,22257.42526,21890.96735,21093.3796,22103.90322,,56.99571028,49.69301105,-97.449,-0.43,124.5,186.549,66.74,STRONG,33.26,MODERATE,0,NONE,21.467501,-1.570371461,305.5919734,22710.14297,22098.95903,INSIDE,,,,,,
22-05-2024,22576.6,22629.5,22483.15,22597.801,22570.15033,290345590,304011108.3,0.96,22415.40365,22378.25977,22270.77332,21904.96405,21108.34897,22182.64718,,59.12399448,49.7125848,47.549,0.21,21.201,146.35,14.49,INDECISION,21.66,MODERATE,63.85,STRONG DEFEND,21.379999,-0.40760217,304.8636971,22881.4637,22271.7363,INSIDE,,,,,,
23-05-2024,22614.1,22993.6,22577.449,22967.65,22846.233,369767547,310704553.6,1.19,22515.81208,22434.39217,22298.10182,21926.00734,21126.84948,22320.12184,,68.23233999,50.81294355,16.299,0.07,353.55,416.151,84.96,STRONG,6.24,NONE,8.81,NONE,21.709999,1.543498669,314.5501153,22928.65012,22299.54988,OUT,,,,,,
24-05-2024,22930.75,23026.4,22908,22957.1,22963.83333,261927120,300048672.6,0.87,22596.04625,22484.17387,22323.94489,21946.42502,21145.06092,22547.51787,,67.76845393,51.95849861,-36.9,-0.16,26.35,118.4,22.26,WEAK,58.53,STRONG REJECT,19.21,MILD,23.192499,6.828650706,336.5089849,23267.25898,22594.24102,INSIDE,,,,,,
27-05-2024,23038.949,23110.801,22871.199,22932.449,22971.483,260006078,296554609.5,0.88,22657.21038,22526.86674,22347.80779,21965.95024,21162.84588,22559.4135,,66.62860179,53.34180634,81.849,0.36,-106.5,239.602,44.45,MODERATE,29.99,MODERATE,25.56,MODERATE,24.195,4.322522554,352.3414179,23391.29042,22686.60758,INSIDE,,,,,,
28-05-2024,22977.15,22998.551,22858.5,22888.15,22915.067,217890750,292851278.9,0.74,22699.1994,22561.27467,22368.99768,21984.21163,21180.01308,22559.4135,,64.52814297,54.57508129,44.701,0.19,-89,140.051,63.55,STRONG,15.28,MILD,21.17,MODERATE,24.174999,-0.08266584,350.3402315,23327.49023,22626.80977,INSIDE,,,,,,
29-05-2024,22762.75,22825.5,22685.449,22704.699,22738.54933,269932784,288254949.4,0.94,22700.19933,22574.93413,22382.16244,21998.4787,21195.18409,22559.4135,,56.57419573,55.90784587,-125.4,-0.55,-58.051,140.051,41.45,MODERATE,44.81,STRONG REJECT,13.74,MILD,24.174999,0,347.7041208,23110.45412,22415.04588,INSIDE,,,,,,
30-05-2024,22617.449,22705.75,22417,22488.65,22537.13333,373374457,284628199.4,1.31,22661.73582,22566.71659,22386.33842,22008.18506,21208.0544,,22998.56466,48.92552609,56.44203021,-87.25,-0.38,-128.799,288.75,44.61,MODERATE,30.58,MODERATE,24.81,MODERATE,24.602501,1.768364086,351.9963687,22969.44537,22265.45263,INSIDE,,,,,,
31-05-2024,22568.1,22653.75,22465.1,22530.699,22549.84967,572122639,291331295,1.96,22637.91094,22563.28635,22391.99962,22018.53187,21221.21504,,22984.63673,50.33294701,56.95244611,79.45,0.35,-37.401,188.65,19.83,INDECISION,45.4,STRONG REJECT,34.77,MODERATE,20.9375,-14.89686353,298.8739071,22866.97391,22269.22609,INSIDE,,,,,,
03-06-2024,23337.9,23338.699,23062.301,23263.9,23221.63333,569425569,303789784,1.87,22751.72713,22630.01146,22426.1918,22043.19263,21241.54026,22537.13061,,67.26949419,58.39105297,807.201,3.58,-74,276.398,26.77,WEAK,0.29,NONE,72.94,STRONG DEFEND,26.747499,27.74924896,393.3533889,23731.25339,22944.54661,INSIDE,,,,,,
04-06-2024,23179.5,23179.5,21281.449,21884.5,22115.14967,1006105058,339204263.5,2.97,22594.04947,22559.01036,22404.94898,22040.0502,21247.93787,,23554.15041,39.78350454,57.90418237,-84.4,-0.36,-1295,1898.051,68.23,STRONG,0,NONE,31.77,MODERATE,18.885,-29.39526795,275.8316682,23455.33167,22903.66833,OUT,,,,,,
05-06-2024,22128.35,22670.4,21791.949,22620.35,22360.89967,638487077,357256682.7,1.79,22598.83139,22564.85223,22413.39608,22051.54129,21261.59371,,23554.15041,51.2312208,57.76031233,243.85,1.11,492,878.451,56.01,MODERATE,5.7,NONE,38.29,MODERATE,16.799999,-11.04051364,239.9890972,22368.3391,21888.3609,OUT,,,,,,
06-06-2024,22798.6,22910.15,22642.6,22821.4,22791.38333,480413289,364710974.5,1.32,22639.29841,22589.28535,22429.39623,22066.78601,21277.11417,,23554.15041,53.81470928,57.66932864,178.25,0.79,22.8,267.55,8.52,INDECISION,33.17,MODERATE,58.31,STRONG DEFEND,16.8825,0.49107741,243.7180891,23042.31809,22554.88191,INSIDE,,,,,,
07-06-2024,22821.85,23320.199,22789.051,23290.15,23133.13333,473554898,375098498.8,1.26,22757.63506,22656.03437,22463.15128,22091.01104,21297.14438,,23554.15041,59.236668,57.88896493,0.45,0,468.3,531.148,88.17,STRONG,5.66,NONE,6.18,NONE,16.397499,-2.872803199,240.9533332,23062.80333,22580.89667,OUT,,,,,,
10-06-2024,23319.15,23411.9,23227.15,23259.199,23299.41633,304392368,376408772.9,0.81,22848.8285,22713.47862,22494.36884,22114.14348,21316.66731,,23554.15041,58.74626752,58.01400474,29,0.12,-59.951,184.75,32.45,WEAK,50.2,STRONG REJECT,17.35,MILD,14.765,-9.955780452,217.8177086,23536.96771,23101.33229,INSIDE,,,,,,
11-06-2024,23283.75,23389.449,23206.65,23264.85,23286.983,305185666,380156109.2,0.8,22924.46878,22765.99018,22524.58379,22136.92975,21336.05222,,23554.15041,58.81331036,57.99181301,24.551,0.11,-18.9,182.799,10.34,INDECISION,57.82,STRONG REJECT,31.84,MODERATE,14.3875,-2.556721978,212.045178,23495.79518,23071.70482,INSIDE,,,,,,
12-06-2024,23344.449,23441.949,23295.949,23322.949,23353.61567,295630910,383340880.8,0.77,22996.91973,22819.03388,22555.89223,22160.41528,21355.82233,,23554.15041,59.54130655,57.37102491,79.599,0.34,-21.5,146,14.73,INDECISION,66.78,STRONG REJECT,18.49,MILD,13.4875,-6.255430061,199.227024,23543.67602,23145.22198,INSIDE,,,,,,
13-06-2024,23480.949,23481.051,23353.9,23398.9,23411.28367,268279841,378307618.2,0.71,23070.00705,22874.25922,22588.95136,22184.93973,21376.15146,,23554.15041,60.52363979,56.85353819,158,0.68,-82.049,127.151,64.53,STRONG,0.08,NONE,35.39,MODERATE,12.8225,-4.930491196,189.720086,23670.66909,23291.22891,INSIDE,,,,,,
14-06-2024,23464.949,23490.4,23334.25,23465.6,23430.08333,223086741,377329226.8,0.59,23141.93304,22930.57739,22623.32973,22210.29933,21396.942,,23554.15041,61.40977764,56.48076503,66.049,0.28,0.651,156.15,0.42,INDECISION,15.88,MILD,83.7,STRONG DEFEND,12.965,1.111327744,191.9048746,23656.85387,23273.04413,INSIDE,,,,,,
18-06-2024,23570.801,23579.051,23499.699,23557.9,23545.55,272207297,389986363.3,0.7,23217.5634,22990.3224,22659.97955,22236.9845,21418.44407,22996.49956,,62.65891909,56.34724904,105.201,0.45,-12.901,79.352,16.26,INDECISION,10.4,MILD,73.35,STRONG DEFEND,13.7125,5.765522561,203.7351839,23774.53618,23367.06582,INSIDE,,,,,,
19-06-2024,23629.85,23664,23412.9,23516,23530.96667,328811255,389047346.7,0.85,23271.8246,23040.38693,22693.54898,22262.31154,21439.31527,23003.70965,,61.68281633,56.71215051,71.95,0.31,-113.85,251.1,45.34,MODERATE,13.6,MILD,41.06,STRONG DEFEND,13.345,-2.680036463,198.9893384,23828.83934,23430.86066,INSIDE,,,,,,
20-06-2024,23586.15,23624,23442.6,23567,23544.53333,289375293,388998831.9,0.74,23325.49285,23090.54056,22727.80196,22288.14695,21460.48626,23032.94772,,62.44959168,57.6781552,70.15,0.3,-19.15,181.4,10.56,INDECISION,20.87,MODERATE,68.58,STRONG DEFEND,13.18,-1.236418134,196.196799,23782.3468,23389.9532,INSIDE,,,,,,
21-06-2024,23661.15,23667.1,23398.199,23501.1,23522.133,609877803,401004344.7,1.52,23357.42142,23129.64146,22758.12737,22312.16582,21480.79088,23032.94772,,60.75768767,58.42277953,94.15,0.4,-160.05,268.901,59.52,MODERATE,2.21,NONE,38.27,MODERATE,14.0575,6.657814871,209.6409945,23870.79099,23451.50901,INSIDE,,,,,,
24-06-2024,23382.301,23558.1,23350,23537.85,23481.98333,239358460,399875911.7,0.6,23390.22662,23168.51846,22788.70473,22336.4368,21501.25913,23032.94772,,61.38596006,58.00252709,-118.799,-0.51,155.549,208.1,74.75,STRONG,9.73,NONE,15.52,MILD,14.3125,1.813978303,212.4608105,23594.76181,23169.84019,INSIDE,,,,,,
25-06-2024,23577.1,23754.15,23562.051,23721.301,23679.16733,298111025,401781159,0.74,23450.42196,23221.16442,22825.27713,22363.85985,21523.34909,23179.96948,,64.44601412,59.76413492,39.25,0.17,144.201,192.099,75.07,STRONG,17.1,MILD,7.83,NONE,14.045,-1.868995633,210.2249759,23787.32498,23366.87502,INSIDE,,,,,,
26-06-2024,23723.1,23889.9,23670.449,23868.801,23809.71667,287824687,405277855.9,0.71,23526.49088,23282.84409,22866.19964,22393.66067,21546.68692,23309.88928,,66.72901528,60.87112024,1.799,0.01,145.701,219.451,66.39,STRONG,9.61,NONE,23.99,MODERATE,14.1525,0.765396938,213.0446186,23936.14462,23510.05538,INSIDE,,,,,,
27-06-2024,23881.551,24087.449,23805.4,24044.5,23979.11633,515227010,417542567.2,1.23,23620.67435,23355.38275,22912.40749,22426.35055,21571.54079,23457.37672,,69.26104549,61.97442997,12.75,0.05,162.949,282.049,57.77,MODERATE,15.23,MILD,27,MODERATE,13.8025,-2.473061297,209.4940232,24091.04502,23672.05698,INSIDE,,,,,,
28-06-2024,24085.9,24174,23985.801,24010.6,24056.80033,354779832,416612835.9,0.85,23691.56993,23417.78439,22955.47387,22457.72183,21595.81003,23613.38268,,68.18285987,62.61344367,41.4,0.17,-75.3,188.199,40.01,MODERATE,46.81,STRONG REJECT,13.18,MILD,13.83,0.199239268,210.6656711,24296.56567,23875.23433,INSIDE,,,,,,
01-07-2024,23992.949,24164,23992.699,24141.949,24099.54933,242468081,400130108,0.61,23773.45703,23486.75245,23002.0023,22491.07286,21621.14475,23636.61484,,70.12350402,63.42610342,-17.651,-0.07,149,171.301,86.98,STRONG,12.87,MILD,0.15,NONE,13.64,-1.373825018,207.6855451,24200.63455,23785.26345,INSIDE,,,,,,
02-07-2024,24228.75,24236.35,24056.4,24123.85,24138.86667,309629240,387140291.6,0.8,23837.16484,23547.42841,23045.99633,22523.40508,21646.04729,23721.00728,,69.49450822,64.18904613,86.801,0.36,-104.9,179.95,58.29,MODERATE,4.22,NONE,37.48,MODERATE,13.205,-3.18914956,201.6641473,24430.41415,24027.08585,INSIDE,,,,,,
03-07-2024,24291.75,24309.15,24207.1,24286.5,24267.58333,289201551,351295116.2,0.82,23918.86214,23617.81618,23094.64353,22558.31785,21672.32045,23843.71082,,71.93115639,65.0740354,167.9,0.7,-5.25,102.05,5.14,INDECISION,17.05,MILD,77.8,STRONG DEFEND,12.855,-2.65051117,196.9087103,24488.65871,24094.84129,INSIDE,,,,,,
04-07-2024,24369.949,24401,24281,24302.15,24328.05,251189844,331930254.6,0.76,23988.55085,23682.99083,23141.99673,22592.84918,21698.48791,23961.46866,,72.16156809,65.905316,83.449,0.34,-67.799,120,56.5,MODERATE,25.88,MODERATE,17.63,MILD,12.695,-1.244651886,195.1926244,24565.14162,24174.75638,INSIDE,,,,,,
05-07-2024,24213.35,24363,24168.85,24323.85,24285.23333,298381204,322828650.3,0.92,24049.51433,23744.02504,23188.34392,22627.12643,21724.61091,23961.46866,,72.49867196,66.69737988,-88.8,-0.37,110.5,194.15,56.91,MODERATE,20.16,MODERATE,22.92,MODERATE,13.6,7.128790863,208.7818526,24422.13185,24004.56815,INSIDE,,,,,,
08-07-2024,24329.449,24344.6,24240.551,24320.551,24301.90067,266299131,312465862,0.85,24098.79372,23798.93227,23232.74419,22660.65959,21750.44116,23961.46866,,72.35522343,67.38997304,5.599,0.02,-8.898,104.049,8.55,INDECISION,14.56,MILD,76.89,STRONG DEFEND,14.28,5,219.05538,24548.50438,24110.39362,INSIDE,,,,,,
09-07-2024,24351,24443.6,24331.9,24433.199,24402.89967,250537091,309773098.1,0.81,24159.59468,23859.33863,23279.82085,22695.75938,21777.13527,24061.21227,,74.2302287,68.28621678,30.449,0.13,82.199,111.7,73.59,STRONG,9.31,NONE,17.1,MILD,14.4325,1.067927171,222.295058,24573.29506,24128.70494,INSIDE,,,,,,
10-07-2024,24459.85,24461.051,24141.801,24324.449,24309.10033,292263786,309127004.1,0.95,24189.56819,23903.63485,23320.78666,22728.01066,21802.48168,24061.21227,,69.34068848,68.77843798,26.651,0.11,-135.401,319.25,42.41,MODERATE,0.38,NONE,57.21,STRONG DEFEND,13.995,-3.031352849,215.7104025,24675.5604,24244.1396,INSIDE,,,,,,
11-07-2024,24396.551,24402.65,24193.75,24315.949,24304.11633,306404194,309665668.3,0.99,24212.54652,23942.90287,23359.81264,22759.45498,21827.4913,24061.21227,,68.95834963,69.36419955,72.102,0.3,-80.602,208.9,38.58,WEAK,2.92,NONE,58.5,STRONG DEFEND,13.725,-1.92926045,211.0437122,24607.59471,24185.50729,INSIDE,,,,,,
12-07-2024,24387.949,24592.199,24331.15,24502.15,24475.16633,325823474,312542850,1.04,24265.2017,23996.1645,23404.61018,22793.96379,21854.10482,24061.21227,,72.53143954,70.16030523,72,0.3,114.201,261.049,43.75,MODERATE,34.5,MODERATE,21.76,MODERATE,14.1875,3.369763206,219.8499202,24607.79892,24168.09908,INSIDE,,,,,,
15-07-2024,24587.6,24635.051,24522.75,24586.699,24581.5,305395888,316658307.3,0.96,24323.65576,24052.40588,23450.9666,22829.4635,21881.29481,24184.72945,,73.99518021,70.84238852,85.45,0.35,-0.901,112.301,0.8,INDECISION,42.25,STRONG REJECT,56.94,STRONG DEFEND,14.2225,0.246696035,220.7763156,24808.37632,24366.82368,INSIDE,,,,,,
16-07-2024,24615.9,24661.25,24587.65,24613,24620.63333,283212043,317208544.6,0.89,24376.2638,24105.7958,23496.53654,22864.78105,21908.47596,24279.29276,,74.45126554,71.39397783,29.201,0.12,-2.9,73.6,3.94,INDECISION,61.62,STRONG REJECT,34.44,MODERATE,14.51,2.021444894,225.4787256,24841.37873,24390.42127,INSIDE,,,,,,
18-07-2024,24543.801,24837.75,24504.449,24800.85,24714.34967,350924425,318314203.1,1.1,24453.46129,24171.99143,23547.68609,22903.11905,21937.2558,24279.29276,,77.48814255,71.98162762,-69.199,-0.28,257.049,333.301,77.12,STRONG,11.07,MILD,11.81,MILD,14.825,2.170916609,232.0224598,24775.82346,24311.77854,OUT,,,,,,
19-07-2024,24853.801,24854.801,24508.15,24530.9,24631.28367,343772965,321034086.7,1.07,24467.54106,24206.1732,23586.2435,22935.35234,21963.0632,24279.29276,,65.44848286,71.78631497,52.951,0.21,-322.901,346.651,93.15,STRONG,0.29,NONE,6.56,NONE,15.4375,4.13153457,241.7744111,25095.57541,24612.02659,OUT,,,,,,
22-07-2024,24445.75,24595.199,24362.301,24509.25,24488.91667,324190553,306749724.2,1.06,24475.1245,24235.03766,23622.43983,22966.51863,21988.3984,24279.29276,,64.58182333,71.39048064,-85.15,-0.35,63.5,232.898,27.27,WEAK,36.9,MODERATE,35.83,MODERATE,12.7475,-17.42510121,197.5597349,24643.30973,24248.19027,INSIDE,,,,,,
23-07-2024,24568.9,24582.551,24074.199,24479.051,24378.60033,436408768,316602239.6,1.38,24475.83841,24258.27702,23656.03243,22996.46977,22013.18101,24279.29276,,63.32224671,70.94960482,59.65,0.24,-89.849,508.352,17.67,INDECISION,2.69,NONE,79.64,STRONG DEFEND,11.7625,-7.727005295,182.2005395,24751.10054,24386.69946,INSIDE,,,,,,
24-07-2024,24444.949,24504.25,24307.25,24413.5,24408.33333,366616574,320027517.1,1.15,24464.50415,24273.06017,23685.73704,23024.52977,22037.06478,24279.29276,,60.56116078,70.13746227,-34.102,-0.14,-31.449,197,15.96,INDECISION,30.1,MODERATE,53.93,STRONG DEFEND,12.6175,7.268862912,194.821912,24639.77091,24250.12709,INSIDE,,,,,,
25-07-2024,24230.949,24426.15,24210.801,24406.1,24347.68367,391821970,325227381.2,1.2,24453.88522,24285.73063,23713.98656,23051.8876,22060.63727,24279.29276,,60.24181679,69.28605147,-182.551,-0.75,175.151,215.349,81.33,STRONG,9.31,NONE,9.36,NONE,12.2475,-2.93243511,188.5061576,24419.45516,24042.44284,INSIDE,,,,,,
26-07-2024,24423.35,24861.15,24410.9,24834.85,24702.3,383835943,318657827.9,1.2,24523.15154,24338.02771,23757.94199,23087.19378,22088.24138,24279.29276,,70.08457528,69.11361599,17.25,0.07,411.5,450.25,91.39,STRONG,5.84,NONE,2.77,NONE,12.945,5.695039804,202.7899097,24626.13991,24220.56009,OUT,,,,,,
29-07-2024,24943.301,24999.75,24774.6,24836.1,24870.15,354966070,318667139.8,1.11,24580.05126,24385.46317,23800.2227,23121.82559,22115.58325,24319.99318,,70.10781006,68.95308646,108.451,0.44,-107.201,225.15,47.61,MODERATE,25.07,MODERATE,27.32,MODERATE,12.88,-0.502124372,202.8965217,25146.19752,24740.40448,INSIDE,,,,,,
30-07-2024,24839.4,24971.75,24798.65,24857.301,24875.90033,384989431,325793207.3,1.18,24630.4603,24430.4001,23841.67675,23156.19144,22142.86403,24362.21454,,70.52594298,68.68849463,3.3,0.01,17.901,173.1,10.34,INDECISION,66.12,STRONG REJECT,23.54,MODERATE,13.25,2.872670807,208.4912965,25047.8913,24630.9087,INSIDE,,,,,,
31-07-2024,24886.699,24984.6,24856.5,24951.15,24930.75,333646302,326994060.4,1.02,24688.76752,24479.99533,23885.18551,23191.73517,22170.80717,24450.92163,,72.36849259,68.90476635,29.398,0.12,64.451,128.1,50.31,MODERATE,26.11,MODERATE,23.57,MODERATE,12.93,-2.41509434,203.5607297,25090.25973,24683.13827,INSIDE,,,,,,
01-08-2024,25030.949,25078.301,24956.4,25010.9,25015.20033,431313292,334099647.4,1.29,24747.33706,24530.55768,23929.33117,23227.75824,22199.0668,24590.78741,,73.50415685,69.22946686,79.799,0.32,-20.049,121.901,16.45,INDECISION,38.84,MODERATE,44.71,STRONG DEFEND,14.32,10.75019335,226.2893953,25257.2384,24804.6596,INSIDE,,,,,,
02-08-2024,24789,24851.9,24686.85,24717.699,24752.14967,345027881,338791549.3,1.02,24741.94832,24548.38066,23960.24756,23257.26202,22224.12782,24590.78741,,60.38795917,68.36207541,-221.9,-0.89,-71.301,165.05,43.2,MODERATE,38.11,MODERATE,18.69,MILD,20.3675,42.23114525,318.9483763,25107.94838,24470.05162,INSIDE,,,,,,
05-08-2024,24302.85,24350.051,23893.699,24055.6,24099.78333,486994718,348222225,1.4,24617.15772,24501.44917,23963.98687,23273.07069,22242.35142,,24828.17138,42.11305909,66.08478104,-414.849,-1.68,-247.25,456.352,54.18,MODERATE,10.34,MILD,35.48,MODERATE,18.7425,-7.978396956,287.5745626,24590.42456,24015.27544,INSIDE,,,,,,
06-08-2024,24189.85,24382.6,23960.4,23992.551,24111.85033,312339387,350524237.8,0.89,24503.59286,24452.98268,23965.10703,23287.31782,22259.76634,,24828.17138,40.84544164,63.68436505,134.25,0.56,-197.299,422.2,46.73,MODERATE,45.65,STRONG REJECT,7.62,NONE,16.17,-13.7254902,248.4351871,24438.28519,23941.41481,INSIDE,,,,,,
07-08-2024,24289.4,24337.699,24184.9,24297.5,24273.36633,317564429,353875604.7,0.9,24466.12143,24438.1748,23978.14205,23307.32143,22280.0423,,24828.17138,48.86297175,61.63970999,296.849,1.24,8.1,152.799,5.3,INDECISION,26.31,MODERATE,68.39,STRONG DEFEND,16.602501,2.67471243,254.6103793,24544.01038,24034.78962,INSIDE,,,,,,
08-08-2024,24248.551,24340.5,24079.699,24117,24179.06633,311875940,354856212.4,0.88,24402.64481,24407.58673,23983.58746,23323.35467,22298.32049,,24828.17138,44.97718198,60.17747421,-48.949,-0.2,-131.551,260.801,50.44,MODERATE,35.26,MODERATE,14.3,MILD,15.335,-7.634397974,235.1994754,24483.75048,24013.35152,INSIDE,,,,,,
09-08-2024,24386.85,24419.75,24311.199,24367.5,24366.14967,215129992,350292502.3,0.61,24396.25484,24403.76894,23998.64285,23344.03082,22318.90934,,24828.17138,50.82217442,59.19464215,269.85,1.12,-19.35,108.551,17.83,INDECISION,30.31,MODERATE,51.87,STRONG DEFEND,15.8675,3.472448647,244.1590316,24631.00903,24142.69097,INSIDE,,,,,,
12-08-2024,24320.051,24472.801,24212.1,24347,24343.967,279925100,347997583.6,0.8,24387.29942,24398.36238,24012.30392,23363.89159,22339.08934,,24828.17138,50.35078677,58.26810929,-47.449,-0.19,26.949,260.701,10.34,INDECISION,48.25,STRONG REJECT,41.41,STRONG DEFEND,16.1675,1.890657003,249.3156964,24569.3667,24070.7353,INSIDE,,,,,,
13-08-2024,24342.35,24359.949,24116.5,24139,24205.14967,239727640,344714171.2,0.7,24342.15407,24373.6612,24017.27239,23379.24027,22356.9989,,24828.17138,45.71737981,57.20783923,-4.65,-0.02,-203.35,243.449,83.53,STRONG,7.23,NONE,9.24,NONE,15.435,-4.530694294,236.9223773,24579.27238,24105.42762,INSIDE,,,,,,
14-08-2024,24184.4,24196.5,24099.699,24143.75,24146.64967,303254705,345716304.3,0.88,24306.0806,24351.76489,24022.2323,23394.37908,22374.77752,,24673.82708,45.83995094,56.17913452,45.4,0.19,-40.65,96.801,41.99,MODERATE,12.5,MILD,45.51,STRONG DEFEND,14.4025,-6.689342404,219.5904797,24403.99048,23964.80952,INSIDE,,,,,,
16-08-2024,24334.85,24563.9,24204.5,24541.15,24436.51667,271611087,341750637.4,0.79,24348.82049,24369.80157,24042.58201,23417.08741,22396.33347,,24673.82708,54.9958131,55.10136579,191.1,0.79,206.3,359.4,57.4,MODERATE,6.33,NONE,36.27,MODERATE,14.315,-0.607533414,221.5704023,24556.4204,24113.2796,INSIDE,,,,,,
19-08-2024,24636.35,24638.801,24522.949,24572.65,24578.13333,243645503,336744264.3,0.72,24389.51677,24389.12047,24063.36899,23439.96984,22417.98836,,24673.82708,55.63601669,54.06766627,95.2,0.39,-63.7,115.852,54.98,MODERATE,2.12,NONE,42.9,STRONG DEFEND,13.82,-3.457911282,214.5609514,24850.91095,24421.78905,INSIDE,,,,,,
20-08-2024,24648.9,24734.301,24607.199,24698.85,24680.11667,238318940,332450683.6,0.72,24445.75917,24418.61852,24088.28981,23464.89816,22440.6835,24192.28604,,58.20144531,53.18734501,76.25,0.31,49.95,127.102,39.3,WEAK,27.89,MODERATE,32.81,MODERATE,13.3325,-3.527496382,207.7946239,24856.69462,24441.10538,INSIDE,,,,,,
21-08-2024,24680.551,24787.949,24654.5,24770.199,24737.54933,257114212,323485955.8,0.79,24504.74823,24452.10237,24115.03135,23490.7457,22463.86276,24285.07373,,59.62304141,52.27695564,-18.299,-0.07,89.648,133.449,67.18,STRONG,13.3,MILD,19.52,MILD,13,-2.493905869,203.0518822,24883.60288,24477.49912,INSIDE,,,,,,
22-08-2024,24863.4,24867.35,24784.449,24811.5,24821.09967,220345125,316172383.4,0.7,24560.52128,24486.33072,24142.34385,23516.89925,22487.22233,24438.11849,,60.46133154,51.34532526,93.201,0.38,-51.9,82.901,62.6,STRONG,4.76,NONE,32.63,MODERATE,13.5525,4.25,212.3596477,25075.75965,24651.04035,INSIDE,,,,,,
23-08-2024,24845.4,24858.4,24771.65,24823.15,24817.73333,206800655,306921317.6,0.67,24608.27196,24518.40875,24169.04213,23542.76561,22510.46539,24470.10019,,60.70913218,51.36826619,33.9,0.14,-22.25,86.75,25.65,WEAK,14.99,MILD,59.37,STRONG DEFEND,13.795,1.789337761,216.0816812,25061.48168,24629.31832,INSIDE,,,,,,
26-08-2024,24906.1,25043.801,24874.699,25010.6,24976.36667,210266456,298242843.3,0.71,24681.42251,24565.2841,24202.0444,23571.83163,22535.34235,24595.04975,,64.55807839,52.97148185,82.95,0.33,104.5,169.102,61.8,STRONG,19.63,MILD,18.57,MILD,13.6325,-1.17796303,215.1289333,25121.22893,24690.97107,INSIDE,,,,,,
27-08-2024,25024.801,25073.1,24973.65,25017.75,25021.5,223346636,291661871.6,0.77,24742.57296,24608.37609,24234.03285,23600.46368,22560.04293,24692.2348,,64.70012428,54.67538775,14.201,0.06,-7.051,99.45,7.09,INDECISION,48.57,STRONG REJECT,44.34,STRONG DEFEND,13.95,2.328993215,220.3968147,25245.19781,24804.40419,INSIDE,,,,,,
28-08-2024,25030.801,25129.6,24964.65,25052.35,25048.86667,220419448,283433372.4,0.78,24798.89606,24650.65932,24266.12372,23629.2139,22584.842,24716.23284,,65.42233156,55.85819917,13.051,0.05,21.549,164.95,13.06,INDECISION,46.83,STRONG REJECT,40.1,STRONG DEFEND,13.7875,-1.164874552,218.3203277,25249.12133,24812.48067,INSIDE,,,,,,
29-08-2024,25035.301,25192.9,24998.5,25151.949,25114.44967,353993900,284450752.3,1.24,24863.0875,24698.4012,24300.86197,23659.36707,22610.38536,24753.22627,,67.48458283,57.46587066,-17.049,-0.07,116.648,194.4,60,STRONG,21.07,MODERATE,18.93,MILD,13.3925,-2.864913871,212.5998193,25247.90082,24822.70118,INSIDE,,,,,,
30-08-2024,25249.699,25268.35,25199.4,25235.9,25234.55,638166179,294793396.7,2.16,24930.87159,24749.59156,24337.53013,23690.58555,22636.50988,24913.33562,,69.15449393,58.77532205,97.75,0.39,-13.799,68.95,20.01,WEAK,27.05,MODERATE,52.94,STRONG DEFEND,14.06,4.98413291,223.8645249,25473.56352,25025.83448,INSIDE,,,,,,
02-09-2024,25333.6,25333.65,25235.5,25278.699,25282.61633,222815249,288682765.1,0.77,24994.11294,24799.98274,24374.43871,23722.03334,22662.80032,24988.88349,,70.00038063,60.17886447,97.7,0.39,-54.901,98.15,55.94,MODERATE,0.05,NONE,44.01,STRONG DEFEND,13.8425,-1.546941679,220.9710461,25554.57105,25112.62895,INSIDE,,,,,,
03-09-2024,25313.4,25321.699,25235.801,25279.85,25279.11667,212131921,274939625.2,0.77,25046.06513,24845.68439,24409.94503,23752.88119,22688.84061,25007.8376,,70.02418834,61.91506508,34.701,0.14,-33.55,85.898,39.06,WEAK,9.66,NONE,51.28,STRONG DEFEND,14.3775,3.864908795,229.4031048,25542.8031,25083.9969,INSIDE,,,,,,
04-09-2024,25089.949,25216,25083.801,25198.699,25166.16667,253788501,272012080.9,0.93,25073.81675,24879.30483,24440.87656,23781.51125,22713.81433,25007.8376,,66.04456293,63.35825165,-189.901,-0.75,108.75,132.199,82.26,STRONG,13.09,MILD,4.65,NONE,14.2075,-1.18240306,225.744373,25315.69337,24864.20463,INSIDE,,,,,,
05-09-2024,25250.5,25275.449,25127.75,25145.1,25182.76633,222242223,267245970.6,0.83,25086.77734,24904.61865,24468.49317,23808.51301,22738.00623,25007.8376,,63.47849454,63.96415747,51.801,0.21,-105.4,147.699,71.36,STRONG,16.89,MILD,11.75,MILD,15.2175,7.108921344,242.3624103,25492.86241,25008.13759,INSIDE,,,,,,
06-09-2024,25093.699,25168.75,24801.301,24852.15,24940.73367,311671856,267235766.4,1.17,25044.11782,24899.62164,24483.53853,23829.17909,22759.04248,,25368.16448,51.66343462,63.68040161,-51.401,-0.2,-241.549,367.449,65.74,STRONG,20.42,MODERATE,13.84,MILD,14.2375,-6.439954,225.7971507,25319.49615,24867.90185,OUT,,,,,,
09-09-2024,24823.4,24957.5,24753.15,24936.4,24882.35,254367252,269197629.4,0.94,25024.53276,24903.12434,24501.29781,23851.10425,22780.70773,,25243.57618,54.29798065,63.4015827,-28.75,-0.12,113,204.35,55.3,MODERATE,10.33,MILD,34.38,MODERATE,13.36,-6.163301141,210.1022054,25033.50221,24613.29779,INSIDE,,,,,,
10-09-2024,24999.4,25130.5,24896.8,25041.1,25022.8,251274802,267765114.5,0.94,25027.54499,24916.26488,24522.46652,23874.66852,22803.1992,,25243.57618,57.40504082,63.24315409,63,0.25,41.7,233.7,17.84,INDECISION,38.25,MODERATE,43.9,STRONG DEFEND,13.6275,2.002245509,215.7945109,25215.19451,24783.60549,INSIDE,,,,,,
11-09-2024,25034,25113.699,24885.15,24918.449,24972.43267,279229206,269740192.8,1.04,25007.70935,24916.47289,24537.99524,23895.33744,22824.24646,,25243.57618,52.87046662,62.70094945,-7.1,-0.03,-115.551,228.549,50.56,MODERATE,34.87,MODERATE,14.57,MILD,13.1825,-3.26545588,208.6082779,25242.60828,24825.39172,INSIDE,,,,,,
12-09-2024,25059.65,25433.35,24941.449,25388.9,25254.56633,380069653,273580940.2,1.39,25077.01674,24961.46595,24571.36406,23924.91294,22849.7654,24649.69162,,64.46535254,62.96925091,141.201,0.57,329.25,491.901,66.93,STRONG,9.04,NONE,24.03,MODERATE,12.55,-4.798027688,201.1269959,25260.777,24858.523,OUT,,,,,,
13-09-2024,25430.45,25430.5,25292.45,25356.5,25359.81667,250781898,272539480.8,0.92,25127.83188,24999.08824,24602.1537,23953.2612,22874.70803,24876.08869,,63.31013996,62.88011245,41.55,0.16,-73.95,138.05,53.57,MODERATE,0.04,NONE,46.4,STRONG DEFEND,12.46,-0.717131474,199.6622747,25630.11227,25230.78773,INSIDE,,,,,,
16-09-2024,25406.65,25445.7,25336.2,25383.75,25388.55,168694880,268791949.6,0.63,25174.36245,25035.72269,24632.80454,23981.58771,22899.67362,24958.84095,,63.89613697,62.82268478,50.15,0.2,-22.9,109.5,20.91,WEAK,35.66,MODERATE,43.42,STRONG DEFEND,12.59,1.043338684,201.8660132,25608.51601,25204.78399,INSIDE,,,,,,
17-09-2024,25416.9,25441.65,25352.25,25418.55,25404.15,215956868,267673846,0.81,25218.76019,25072.18244,24663.61809,24010.04241,22924.73707,25015.50276,,64.67214119,62.76909976,33.15,0.13,1.65,89.4,1.85,INDECISION,25.84,MODERATE,72.32,STRONG DEFEND,13.3725,6.215250199,214.3783646,25631.27836,25202.52164,INSIDE,,,,,,
18-09-2024,25402.4,25482.2,25285.55,25377.55,25381.76667,215727159,265604493.4,0.81,25247.63106,25101.26506,24691.61542,24037.12177,22949.14317,25015.50276,,62.95529277,62.44557904,-16.15,-0.06,-24.85,196.65,12.64,INDECISION,40.58,STRONG REJECT,46.78,STRONG DEFEND,12.47,-6.748925033,200.2287549,25602.62875,25202.17125,INSIDE,,,,,,
19-09-2024,25487.05,25611.95,25376.05,25415.8,25467.93333,314461263,270310300.3,1.16,25278.20723,25131.22077,24720.01481,24064.42233,22973.68702,25092.58577,,63.91766183,62.0715196,109.5,0.43,-71.25,235.9,30.2,WEAK,52.95,STRONG REJECT,16.85,MILD,12.79,2.566158781,206.4126279,25693.46263,25280.63737,INSIDE,,,,,,
20-09-2024,25525.95,25849.25,25426.6,25790.95,25688.93333,533067422,286623638.6,1.86,25371.43319,25194.05212,24762.01227,24098.61099,23001.71949,25143.41361,,71.68665672,62.19196789,110.15,0.43,265,422.65,62.7,STRONG,13.79,MILD,23.51,MODERATE,13.785,7.779515246,224.5317651,25750.48177,25301.41823,OUT,,,,,,
23-09-2024,25872.55,25956,25847.35,25939.05,25914.13333,209187756,286569703.6,0.73,25474.63625,25265.0043,24808.17061,24135.05533,23030.94666,25440.04589,,74.0610735,62.48031683,81.6,0.32,66.5,108.65,61.21,STRONG,15.6,MILD,23.19,MODERATE,13.3925,-2.847297787,219.0395274,26091.58953,25653.51047,INSIDE,,,,,,
24-09-2024,25921.45,26011.55,25886.85,25940.4,25946.26667,384115033,294608123.5,1.3,25559.32056,25329.3277,24852.57176,24170.80473,23059.89644,25530.01671,,74.08241003,63.05444877,-17.6,-0.07,18.95,124.7,15.2,INDECISION,57.06,STRONG REJECT,27.75,MODERATE,12.7425,-4.853462759,208.8545532,26130.30455,25712.59545,INSIDE,,,,,,
25-09-2024,25899.45,26032.8,25871.35,26004.15,25969.43333,278540972,297514199.7,0.94,25640.19864,25393.59649,24897.7317,24207.1086,23089.1925,25552.14837,,75.12304895,63.88620265,-40.95,-0.16,104.7,161.45,64.85,STRONG,17.75,MILD,17.4,MILD,12.0025,-5.80733765,196.8863781,26096.33638,25702.56362,INSIDE,,,,,,
26-09-2024,26005.4,26250.9,25998.4,26216.05,26155.11667,370895477,298359278.5,1.24,25744.89889,25471.9254,24949.43045,24246.88961,23120.30551,25703.7087,,78.24923887,65.78518867,1.25,0,210.65,252.5,83.43,STRONG,13.8,MILD,2.77,NONE,11.9625,-0.333263903,197.8742226,26203.27422,25807.52578,OUT,,,,,,
27-09-2024,26248.25,26277.35,26151.4,26178.95,26202.56667,490332370,290967588.1,1.69,25823.81727,25539.26107,24997.64691,24285.14824,23150.73978,25827.24196,,76.43808381,67.36662461,32.2,0.12,-69.3,125.95,55.02,MODERATE,23.1,MODERATE,21.87,MODERATE,12.7875,6.896551724,211.7338457,26459.98385,26036.51615,INSIDE,,,,,,
30-09-2024,26061.3,26134.7,25794.1,25810.85,25913.21667,375370974,298595374.3,1.26,25821.45959,25565.12669,25029.53722,24315.36015,23177.20854,,26352.00163,61.28205493,67.64355419,-117.65,-0.45,-250.45,340.6,73.53,STRONG,21.55,MODERATE,4.92,NONE,11.9875,-6.256109482,197.4100291,26258.71003,25863.88997,OUT,,,,,,
01-10-2024,25788.45,25907.6,25739.2,25796.9,25814.56667,247423786,300359967.6,0.82,25816.99421,25587.20034,25059.62988,24344.69757,23203.27512,,26261.67715,60.79012669,68.2092442,-22.4,-0.09,8.45,168.4,5.02,INDECISION,65.74,STRONG REJECT,29.25,MODERATE,13.17,9.864442127,214.9987977,26003.4488,25573.4512,INSIDE,,,,,,
03-10-2024,25452.85,25639.45,25230.3,25250.1,25373.28333,423395030,308840294,1.37,25713.92253,25555.09554,25067.0993,24362.62634,23223.64154,,26012.13672,45.40473488,66.84777151,-344.05,-1.33,-202.75,409.15,49.55,MODERATE,45.61,STRONG REJECT,4.84,NONE,14.1275,7.270311314,228.242804,25681.0928,25224.6072,INSIDE,,,,,,
04-10-2024,25181.9,25485.05,24966.8,25014.6,25155.48333,374914801,316473922.9,1.18,25586.77298,25503.61978,25065.0405,24375.53671,23241.46202,,25895.03437,40.63471864,65.22809856,-68.2,-0.27,-167.3,518.25,32.28,WEAK,58.49,STRONG REJECT,9.22,NONE,15.08,6.742169528,242.1641802,25424.06418,24939.73582,INSIDE,,,,,,
07-10-2024,25084.1,25143,24694.35,24795.75,24877.7,374345795,319607619.9,1.17,25442.95062,25436.20361,25054.48009,24383.85776,23256.92757,,25633.4225,36.76891451,63.29043981,69.5,0.28,-288.35,448.65,64.27,STRONG,13.13,MILD,22.6,MODERATE,14.5875,-3.265915119,231.111224,25315.21122,24852.98878,OUT,,,,,,
08-10-2024,24832.2,25044,24756.8,25013.15,24937.98333,333220055,323550260,1.03,25364.80505,25395.91279,25052.8593,24396.31899,23274.40242,,25587.078,42.60979154,61.71455769,36.45,0.15,180.95,287.2,63,STRONG,10.74,MILD,26.25,MODERATE,14.1225,-3.187660668,222.8631947,25055.06319,24609.33681,INSIDE,,,,,,
09-10-2024,25065.8,25234.05,24947.7,24981.95,25054.56667,290562844,325514662.1,0.89,25295.19504,25356.48776,25050.07854,24407.91565,23291.39294,,25587.078,42.0100279,60.21846734,52.65,0.21,-83.85,286.35,29.28,WEAK,58.76,STRONG REJECT,11.96,MILD,13.495,-4.443264295,214.5768776,25280.37688,24851.22312,INSIDE,,,,,,
10-10-2024,25067.05,25134.05,24979.4,24998.45,25037.3,261364749,324621439.3,0.81,25241.2414,25322.38893,25048.0539,24419.6094,23308.37859,,25587.078,42.47120742,58.68657774,85.1,0.34,-68.6,154.65,44.36,MODERATE,43.32,STRONG REJECT,12.32,MILD,13.22,-2.037791775,209.3712294,25276.42123,24857.67877,INSIDE,,,,,,
11-10-2024,24985.3,25028.65,24920.05,24964.25,24970.98333,210462717,316141092.5,0.67,25190.87933,25288.28046,25044.76747,24430.39436,23324.85492,,25492.16274,41.73041478,56.54684618,-13.15,-0.05,-21.05,108.6,19.38,INDECISION,39.92,MODERATE,40.7,STRONG DEFEND,12.995,-1.701966717,204.9447428,25190.24474,24780.35526,INSIDE,,,,,,
14-10-2024,25023.45,25159.75,25017.5,25127.95,25101.73333,206423311,313923163.1,0.66,25179.43763,25273.01089,25048.02953,24444.20734,23342.79616,,25492.16274,46.53726393,54.58085978,59.2,0.24,104.5,142.25,73.46,STRONG,22.36,MODERATE,4.18,NONE,13.0025,0.057714506,206.1371452,25229.58715,24817.31285,INSIDE,,,,,,
15-10-2024,25186.3,25212.05,25008.15,25057.35,25092.51667,257228772,318349857.7,0.81,25157.23988,25252.47176,25048.39504,24456.34878,23359.8564,,25492.16274,44.82002256,52.49068924,58.35,0.23,-128.95,203.9,63.24,STRONG,12.63,MILD,24.13,MODERATE,13.0525,0.384541434,207.3599764,25393.65998,24978.94002,INSIDE,,,,,,
16-10-2024,25008.55,25093.4,24908.45,24971.3,24991.05,226774456,318890737.1,0.71,25123.43263,25225.69349,25045.3717,24466.54583,23375.89066,,25455.32112,42.74944349,50.17828885,-48.8,-0.19,-37.25,184.95,20.14,WEAK,45.88,STRONG REJECT,33.98,MODERATE,13.3875,2.566558131,211.6810917,25220.23109,24796.86891,INSIDE,,,,,,
17-10-2024,25027.4,25029.5,24728.9,24749.85,24836.08333,252755662,320742162.3,0.79,25055.50851,25180.37507,25033.78262,24472.15582,23389.5619,,25362.9569,37.89726162,47.29600476,56.1,0.22,-277.55,300.6,92.33,STRONG,0.7,NONE,6.97,NONE,13.0375,-2.614379085,205.6219951,25233.022,24821.778,OUT,,,,,,
18-10-2024,24664.95,24886.2,24567.65,24854.05,24769.3,290855392,319561868.7,0.91,25018.87969,25149.29649,25026.73428,24479.71808,23404.13392,,25241.35052,41.27485541,44.78434559,-84.9,-0.34,189.1,318.55,59.36,MODERATE,10.09,MILD,30.54,MODERATE,13.7625,5.560882071,215.8136909,24880.76369,24449.13631,INSIDE,,,,,,
21-10-2024,24956.15,24978.3,24679.6,24781.1,24813,241978957,305007445.5,0.79,24975.64702,25114.23016,25017.10156,24485.68604,23417.83508,,25241.35052,39.64903868,43.23913015,102.1,0.41,-175.05,298.7,58.6,MODERATE,7.42,NONE,33.98,MODERATE,14.395,4.59582198,226.5675038,25182.7175,24729.5825,INSIDE,,,,,,
22-10-2024,24798.65,24882,24445.8,24472.1,24599.96667,279484697,308522292.5,0.91,24884.09302,25053.0749,24995.72895,24485.41701,23428.32528,,25241.35052,33.60994581,41.29768866,17.55,0.07,-326.55,436.2,74.86,STRONG,19.11,MILD,6.03,NONE,14.6225,1.580409865,229.2608979,25027.9109,24569.3891,OUT,,,,,,
23-10-2024,24378.15,24604.25,24378.1,24435.5,24472.61667,284556771,303544379.4,0.94,24802.53065,24994.25825,24973.75919,24484.42855,23438.34691,,25061.07206,32.96938961,40.40944971,-93.95,-0.38,57.35,226.15,25.36,WEAK,74.62,STRONG REJECT,0.02,NONE,13.97,-4.462301248,216.5856159,24594.73562,24161.56438,INSIDE,,,,,,
24-10-2024,24412.7,24480.65,24341.2,24399.4,24407.08333,216686434,300451652.5,0.72,24729.23417,24937.60508,24951.2353,24482.74482,23447.90963,,24922.62265,32.31519492,39.81519801,-22.8,-0.09,-13.3,139.45,9.54,INDECISION,48.73,STRONG REJECT,41.74,STRONG DEFEND,14.6325,4.742304939,225.7171463,24638.41715,24186.98285,INSIDE,,,,,,
25-10-2024,24418.05,24440.25,24073.9,24180.8,24231.65,382969626,301055360,1.27,24629.51887,24865.52841,24921.02215,24476.76571,23455.20207,,24812.97312,28.61278974,39.23261767,18.65,0.08,-237.25,366.35,64.76,STRONG,6.06,NONE,29.18,MODERATE,14.29,-2.340679993,220.070052,24638.12005,24197.97995,OUT,,,,,,
28-10-2024,24251.1,24492.6,24134.9,24339.15,24322.21667,278562235,290466853.2,0.96,24576.72453,24815.39713,24898.20363,24474.04065,23463.99758,,24812.97312,34.46974141,38.65118552,70.3,0.29,88.05,357.7,24.62,WEAK,42.9,STRONG REJECT,32.49,MODERATE,14.515,1.574527642,224.0139187,24475.11392,24027.08608,INSIDE,,,,,,
29-10-2024,24328.85,24484.5,24140.85,24466.85,24364.06667,332044690,288300539,1.15,24556.74734,24782.20216,24881.28781,24473.89826,23473.97621,,24812.97312,38.82845369,38.42393022,-10.3,-0.04,138,343.65,40.16,MODERATE,5.14,NONE,54.71,STRONG DEFEND,15.51,6.854977609,239.2908601,24568.14086,24089.55914,INSIDE,,,,,,
30-10-2024,24371.45,24498.2,24307.3,24340.85,24382.11667,285196335,290189166.5,0.98,24517.49328,24740.16862,24860.09417,24471.26364,23482.60182,,24812.97312,36.26531501,37.98065219,-95.4,-0.39,-30.6,190.9,16.03,INDECISION,66.4,STRONG REJECT,17.57,MILD,15.55,0.25789813,240.0422243,24611.49222,24131.40778,INSIDE,,,,,,
31-10-2024,24349.85,24372.45,24172.6,24205.35,24250.13333,287007588,283369794.4,1.01,24460.73995,24689.23352,24834.41792,24465.99802,23489.79334,,24802.48023,33.68974606,37.40631871,9,0.04,-144.5,199.85,72.3,STRONG,11.31,MILD,16.39,MILD,15.9025,2.266881029,244.2236207,24594.07362,24105.62638,INSIDE,,,,,,
01-11-2024,24302.75,24368.25,24280.2,24304.35,24317.6,38811387,266564623.7,0.15,24432.30542,24652.57794,24813.63095,24462.79707,23497.89838,,24802.48023,37.19910769,36.73930755,97.4,0.4,1.6,88.05,1.82,INDECISION,72.57,STRONG REJECT,25.61,MODERATE,16.6875,4.936330766,256.235143,24558.98514,24046.51486,INSIDE,,,,,,
04-11-2024,24315.75,24316.75,23816.15,23995.35,24042.75,285531635,262123915.7,1.09,24352.85898,24589.98481,24781.5415,24453.5407,23502.84815,,24657.98935,31.58109644,35.79366997,11.4,0.05,-320.4,500.6,64,STRONG,0.2,NONE,35.8,MODERATE,16.1225,-3.38576779,247.0364221,24562.78642,24068.71358,OUT,,,,,,
05-11-2024,23916.5,24229.05,23842.75,24213.3,24095.03333,289511197,259938472.8,1.11,24327.48462,24554.11006,24759.25752,24448.78345,23509.91732,,24657.98935,38.62225447,35.49887075,-78.85,-0.33,296.8,386.3,76.83,STRONG,4.08,NONE,19.09,MILD,14.8675,-7.784152582,226.9851297,24143.48513,23689.51487,OUT,,,,,,
06-11-2024,24308.75,24537.6,24204.05,24484.05,24408.56667,351082031,262964432.1,1.34,24355.95105,24547.43768,24748.46507,24449.4818,23519.61018,,24657.98935,46.0499803,36.0812078,95.45,0.39,175.3,333.55,52.56,MODERATE,16.05,MILD,31.39,MODERATE,14.94,0.487640827,230.9966881,24539.74669,24077.75331,INSIDE,,,,,,
07-11-2024,24489.6,24503.35,24179.05,24199.35,24293.91667,322185588,266005474.1,1.21,24327.47813,24514.28647,24726.93114,24444.5287,23526.37376,,24657.98935,40.49986289,36.02585119,5.55,0.02,-290.25,324.3,89.5,STRONG,4.24,NONE,6.26,NONE,14.47,-3.145917001,223.4174382,24713.01744,24266.18256,OUT,,,,,,
08-11-2024,24207.7,24276.15,24066.65,24148.2,24163.66667,298725122,270418594.3,1.1,24294.88211,24479.42109,24704.2358,24438.6608,23532.56109,,24657.98935,39.57695584,36.02070242,8.35,0.03,-59.5,209.5,28.4,WEAK,32.67,MODERATE,38.93,MODERATE,14.27,-1.382170007,218.2864905,24425.98649,23989.41351,INSIDE,,,,,,
11-11-2024,24087.25,24336.8,24004.6,24141.3,24160.9,273370562,273765956.9,1,24266.95809,24447.21908,24682.15989,24432.77247,23538.61819,,24657.98935,39.44636895,36.43758979,-60.95,-0.25,54.05,332.2,16.27,INDECISION,58.85,STRONG REJECT,24.88,MODERATE,14.59,2.242466713,223.739075,24310.98907,23863.51093,INSIDE,,,,,,
12-11-2024,24225.8,24242,23839.15,23883.45,23988.2,255825829,273695809.7,0.93,24197.22935,24393.52679,24650.83793,24421.8948,23542.04936,,24657.98935,34.82236512,36.56994518,84.5,0.35,-342.35,402.85,84.98,STRONG,4.02,NONE,11,MILD,15.435,5.791638108,235.7752174,24461.57522,23990.02478,OUT,,,,,,
13-11-2024,23822.45,23873.6,23509.6,23559.05,23647.41667,304569316,277585552.7,1.1,24081.19674,24314.05281,24608.02272,24404.80876,23542.21852,,24359.41446,30.04980694,36.40813175,-61,-0.26,-263.4,364,72.36,STRONG,14.05,MILD,13.59,MILD,14.775,-4.275996113,222.2636673,24044.71367,23600.18633,OUT,,,,,,
14-11-2024,23542.15,23675.9,23484.15,23532.7,23564.25,257708474,277833193.3,0.93,23981.47006,24239.63826,24565.8532,24387.53928,23542.12381,,24190.97657,29.69381236,36.48534766,-16.9,-0.07,-9.45,191.75,4.93,INDECISION,69.75,STRONG REJECT,25.32,MODERATE,15.1675,2.656514382,226.2786473,23768.42865,23315.87135,INSIDE,,,,,,
18-11-2024,23605.3,23606.8,23350.4,23453.8,23470.33333,263311912,276456019.3,0.95,23885.53005,24164.79652,24522.24327,24369.04939,23541.24496,,24069.92126,28.60119779,36.06616597,72.6,0.31,-151.5,256.4,59.09,MODERATE,0.59,NONE,40.33,STRONG DEFEND,15.6625,3.263556947,232.9814146,23838.28141,23372.31859,INSIDE,,,,,,
19-11-2024,23529.55,23780.65,23464.8,23518.5,23587.98333,297477279,279230935.4,1.07,23818.79731,24103.24447,24482.88079,24352.20683,23541.01864,,24069.92126,30.84826503,35.49615249,75.75,0.32,-11.05,315.85,3.5,INDECISION,79.5,STRONG REJECT,17,MILD,15.99,2.090981644,239.6046588,23769.15466,23289.94534,INSIDE,,,,,,
21-11-2024,23488.45,23507.3,23263.15,23349.9,23373.45,420332354,286273318.3,1.47,23733.54325,24031.49738,24438.45017,24332.35917,23539.11697,,23970.4026,28.34482658,34.93040332,-30.05,-0.13,-138.55,244.15,56.75,MODERATE,7.72,NONE,35.53,MODERATE,16.0975,0.672295184,238.442824,23726.89282,23250.00718,INSIDE,,,,,,
22-11-2024,23411.8,23956.1,23359,23907.25,23740.78333,367562789,290423619.2,1.27,23765.1263,24019.66429,24417.61879,24323.94117,23542.77998,,23970.4026,44.40634276,35.69587451,61.9,0.27,495.45,597.1,82.98,STRONG,8.18,NONE,8.84,NONE,15.3025,-4.938655071,230.9944677,23642.79447,23180.80553,OUT,,,,,,
25-11-2024,24253.55,24351.55,24135.45,24221.9,24236.3,687172787,313947936.8,2.19,23848.17606,24038.92484,24409.94355,24321.92055,23549.53739,23497.28233,,51.07386281,36.68692845,346.3,1.45,-31.65,216.1,14.65,INDECISION,45.35,STRONG REJECT,40,STRONG DEFEND,15.305,0.0163372,234.8459186,24488.39592,24018.70408,INSIDE,,,,,,
26-11-2024,24343.3,24343.3,24125.4,24194.5,24221.06667,230691771,306334044.1,0.75,23911.14405,24053.74152,24401.49478,24319.39737,23555.95493,23550.21587,,50.50581101,38.03869378,121.4,0.5,-148.8,217.9,68.29,STRONG,0,NONE,31.71,MODERATE,14.625,-4.442992486,224.3357042,24567.6357,24118.9643,INSIDE,,,,,,
27-11-2024,24204.8,24354.55,24145.65,24274.9,24258.36667,295011445,307156504.6,0.96,23977.2815,24074.80423,24396.53028,24318.51624,23563.10861,23619.23269,,52.18628538,39.00755313,10.3,0.04,70.1,208.9,33.56,WEAK,38.13,MODERATE,28.31,MODERATE,15.205,3.965811966,233.3402223,24438.14022,23971.45978,INSIDE,,,,,,
28-11-2024,24274.15,24345.75,23873.35,23914.15,24044.41667,366745300,308891535.1,1.19,23965.80304,24059.50383,24377.6134,24310.50898,23566.60156,23619.23269,,44.83112287,38.92049188,-0.75,0,-360,472.4,76.21,STRONG,15.16,MILD,8.64,NONE,14.425,-5.129891483,221.2901347,24495.44013,24052.85987,OUT,,,,,,
29-11-2024,23927.15,24188.45,23927.15,24131.1,24082.23333,282104071,308736921.9,0.91,23995.85704,24066.32251,24367.94621,24306.95633,23572.21846,23619.23269,,49.44570076,39.5594803,13,0.05,203.95,261.3,78.05,STRONG,21.95,MODERATE,0,NONE,14.7,1.906412478,224.0518053,24151.20181,23703.09819,INSIDE,,,,,,
02-12-2024,24140.85,24301.7,24008.65,24276.05,24195.46667,225981187,305685601.8,0.74,24046.80121,24086.29656,24364.34244,24306.34432,23579.22176,23619.23269,,52.31554239,40.46937934,9.75,0.04,135.2,293.05,46.14,MODERATE,8.75,NONE,45.11,STRONG DEFEND,14.3725,-2.227891156,220.0858118,24360.93581,23920.76419,INSIDE,,,,,,
03-12-2024,24367.5,24481.35,24280,24457.15,24406.16667,339470947,320718579.8,1.06,24121.41008,24121.61593,24367.98195,24309.33057,23587.95737,23779.40743,,55.69927173,41.63030097,91.45,0.38,89.65,201.35,44.52,MODERATE,12.02,MILD,43.46,STRONG DEFEND,14.45,0.539224213,222.9083223,24590.40832,24144.59168,INSIDE,,,,,,
04-12-2024,24488.75,24573.2,24366.3,24467.45,24468.98333,348003156,323842155.9,1.07,24184.32643,24154.55251,24371.88266,24312.46165,23596.70854,23905.97595,,55.89098386,43.1352023,31.6,0.13,-21.3,206.9,10.29,INDECISION,40.82,STRONG REJECT,48.89,STRONG DEFEND,14.5275,0.53633218,224.9446522,24713.69465,24263.80535,INSIDE,,,,,,
05-12-2024,24539.15,24857.75,24295.55,24708.4,24620.56667,361469920,327440092,1.1,24279.61253,24207.29989,24385.07942,24320.30202,23607.77014,23905.97595,,60.22709526,45.2907229,71.7,0.29,169.25,562.2,30.1,WEAK,26.57,MODERATE,43.33,STRONG DEFEND,14.14,-2.667355016,221.4798897,24760.62989,24317.67011,INSIDE,,,,,,
06-12-2024,24729.45,24751.05,24620.5,24677.8,24683.11667,226731303,321222555.6,0.71,24352.01025,24252.10942,24396.55866,24327.38118,23618.41721,24092.8356,,59.42810022,47.4146006,21.05,0.09,-51.65,130.55,39.56,WEAK,16.55,MILD,43.89,STRONG DEFEND,14.1075,-0.229844413,220.0223301,24949.47233,24509.42767,INSIDE,,,,,,
09-12-2024,24633.9,24705,24580.05,24619,24634.68333,248139308,317520241.6,0.78,24400.55384,24287.05138,24405.28185,24333.15581,23628.37325,24118.19348,,57.84020238,49.50310093,-43.9,-0.18,-14.9,124.95,11.92,INDECISION,56.9,STRONG REJECT,31.17,MODERATE,13.7775,-2.339181287,214.475827,24848.37583,24419.42417,INSIDE,,,,,,
10-12-2024,24652.65,24677.8,24510.65,24610.05,24599.5,261048951,315636433.1,0.83,24438.64405,24317.81316,24413.31197,24338.63887,23638.14118,24118.19348,,57.58797461,51.41308019,33.65,0.14,-42.6,167.15,25.49,WEAK,15.05,MILD,59.47,STRONG DEFEND,13.2675,-3.701687534,206.309207,24858.95921,24446.34079,INSIDE,,,,,,
11-12-2024,24620.5,24691.75,24583.85,24641.8,24639.13333,187252712,311330540.6,0.6,24475.5815,24348.66905,24422.27228,24344.64206,23648.12784,24205.57983,,58.2829699,53.551519,10.45,0.04,21.3,107.9,19.74,INDECISION,46.29,STRONG REJECT,33.97,MODERATE,13.19,-0.584134162,205.2200268,24825.72003,24415.27997,INSIDE,,,,,,
12-12-2024,24604.45,24675.25,24527.95,24548.7,24583.96667,266051129,311841805.6,0.85,24488.87577,24367.71961,24427.23023,24348.68281,23657.08875,24205.57983,,55.41540035,54.33788025,-37.35,-0.15,-55.75,147.3,37.85,WEAK,48.07,STRONG REJECT,14.09,MILD,13.0525,-1.042456406,202.9449909,24807.39499,24401.50501,INSIDE,,,,,,
13-12-2024,24498.35,24792.3,24180.8,24768.3,24580.46667,310080852,312117382.4,0.99,24539.68018,24405.87013,24440.60552,24356.99206,23668.14558,24205.57983,,60.36853111,55.00178513,-50.35,-0.21,269.95,611.5,44.15,MODERATE,3.92,NONE,51.93,STRONG DEFEND,14.02,7.412373109,219.0220832,24717.37208,24279.32792,OUT,,,,,,
16-12-2024,24753.4,24781.25,24601.75,24668.25,24683.75,187551629,308609540.1,0.61,24563.05651,24430.85869,24449.53275,24363.15558,23678.09687,24205.57983,,57.24802613,55.48337193,-14.9,-0.06,-85.15,179.5,47.44,MODERATE,15.52,MILD,37.05,MODERATE,14.485,3.316690442,226.1855112,24979.58551,24527.21449,INSIDE,,,,,,
17-12-2024,24584.8,24624.1,24303.45,24336,24421.18333,264881033,308687996.2,0.86,24521.77351,24421.82453,24445.08049,24362.61785,23684.64317,24205.57983,,48.31621109,55.20693805,-83.45,-0.34,-248.8,320.65,77.59,STRONG,12.26,MILD,10.15,MILD,14.3725,-0.776665516,223.0055937,24807.80559,24361.79441,OUT,,,,,,
18-12-2024,24297.95,24394.45,24149.85,24198.85,24247.71667,235346534,305581458.9,0.77,24463.06014,24400.58886,24435.42439,24359.37492,23689.75966,,24823.67674,45.18245943,55.23203352,-38.05,-0.16,-99.1,244.6,40.52,MODERATE,39.45,MODERATE,20.03,MODERATE,14.51,0.95668812,223.0393633,24520.98936,24074.91064,INSIDE,,,,,,
19-12-2024,23877.15,24004.9,23870.3,23951.7,23942.3,271128027,298121242.6,0.91,24370.08557,24357.83754,24416.45481,24351.30215,23692.36603,,24510.24139,40.13116214,54.56670933,-321.7,-1.33,74.55,134.6,55.39,MODERATE,39.52,MODERATE,5.09,NONE,15.0725,3.876636802,227.9860462,24105.13605,23649.16395,INSIDE,,,,,,
20-12-2024,23960.7,24065.8,23537.35,23587.5,23730.21667,442714411,301878823.7,1.47,24227.79729,24284.47206,24383.94678,24336.17736,23691.32258,,24471.06811,34.08404712,53.26445967,9,0.04,-373.2,528.45,70.62,STRONG,19.89,MILD,9.49,NONE,13.52,-10.30021562,205.0218122,24165.72181,23755.67819,OUT,,,,,,
23-12-2024,23738.2,23869.55,23647.2,23753.45,23756.73333,189758237,277008096.2,0.69,24141.55232,24233.89853,24359.22141,24324.6382,23691.94077,,24406.78949,38.62240129,52.04468321,150.7,0.64,15.25,222.35,6.86,INDECISION,52.21,STRONG REJECT,40.93,STRONG DEFEND,13.1775,-2.533284024,198.1984846,23936.39848,23540.00152,INSIDE,,,,,,
24-12-2024,23769.1,23867.65,23685.15,23727.65,23760.15,177664746,274356744.9,0.65,24066.29736,24185.68438,24334.45391,24312.81665,23692.29608,,24368.13159,38.18225549,50.77977404,15.65,0.07,-41.45,182.5,22.71,WEAK,54,STRONG REJECT,23.29,MODERATE,14.035,6.507304117,211.0790597,23980.17906,23558.02094,INSIDE,,,,,,
26-12-2024,23775.8,23854.5,23653.6,23750.2,23752.76667,177681783,268490261.8,0.66,24008.82511,24144.20968,24311.54199,24301.67573,23692.87224,,24307.79527,38.8383225,49.25200455,48.15,0.2,-25.6,200.9,12.74,INDECISION,39.17,MODERATE,48.08,STRONG DEFEND,13.2375,-5.682223014,198.9753899,23974.77539,23576.82461,INSIDE,,,,,,
27-12-2024,23801.4,23938.85,23800.6,23813.4,23850.95,176821521,258994072.9,0.68,23973.29327,24112.704,24292.00701,24292.0069,23694.07152,,24307.79527,40.73667254,47.91690258,51.2,0.22,12,138.25,8.68,INDECISION,90.74,STRONG REJECT,0.58,NONE,13.9725,5.552407932,210.765962,24012.16596,23590.63404,INSIDE,,,,,,
30-12-2024,23796.9,23915.35,23599.3,23644.9,23719.85,364929453,263135342,1.39,23913.5854,24068.15123,24266.63026,24279.1929,23693.58225,,24298.50997,37.40336706,46.45712863,-16.5,-0.07,-152,316.05,48.09,MODERATE,37.48,MODERATE,14.43,MILD,14.4475,3.399534801,217.7170883,24014.61709,23579.18291,INSIDE,,,,,,
31-12-2024,23560.6,23689.85,23460.45,23644.8,23598.36667,193627727,261517669,0.74,23864.71533,24027.83207,24242.24476,24266.63067,23693.09686,,24099.85798,37.40141109,45.01523123,-84.3,-0.36,84.2,229.4,36.7,WEAK,19.64,MILD,43.66,STRONG DEFEND,14.5075,0.415296764,216.5598607,23777.15986,23344.04014,INSIDE,,,,,,
01-01-2025,23637.65,23822.8,23562.8,23742.9,23709.5,154921938,252290218.5,0.61,23842.56709,24000.69568,24222.66261,24256.25976,23693.59241,,24099.85798,40.67870896,43.75778402,-7.15,-0.03,105.25,260,40.48,MODERATE,30.73,MODERATE,28.79,MODERATE,13.7375,-5.307599517,206.2165816,23843.86658,23431.43342,INSIDE,,,,,,
02-01-2025,23783,24226.7,23751.55,24188.65,24055.63333,283200811,249050101.3,1.14,23905.49125,24018.59609,24221.32879,24254.92096,23698.51836,23376.59189,,52.77673268,43.56930776,40.1,0.17,405.65,475.15,85.37,STRONG,8.01,NONE,6.62,NONE,13.54,-1.43767061,206.6978689,23989.69787,23576.30213,OUT,,,,,,
03-01-2025,24196.4,24196.45,23976,24004.75,24059.06667,312279515,246590581,1.27,23923.5383,24017.27742,24212.8355,24249.96708,23701.56544,23508.01851,,48.39191346,42.71383507,7.75,0.03,-191.65,220.45,86.94,STRONG,0.02,NONE,13.04,MILD,15.65,15.58345643,238.6102347,24435.01023,23957.78977,INSIDE,,,,,,
06-01-2025,24045.8,24089.95,23551.9,23616.05,23752.63333,278061806,249157106.2,1.12,23867.63134,23979.06528,24189.43215,24237.41426,23700.71454,23508.01851,,40.69572822,41.53152808,41.05,0.17,-429.75,538.05,79.87,STRONG,8.21,NONE,11.92,MILD,14.66,-6.325878594,222.5322413,24268.33224,23823.26776,OUT,,,,,,
07-01-2025,23679.9,23795.2,23637.8,23707.9,23713.63333,262337253,249867003.4,1.05,23838.58927,23953.24002,24170.54853,24226.92883,23700.78604,23508.01851,,43.00251633,41.15197845,63.85,0.27,28,157.4,17.79,INDECISION,55.46,STRONG REJECT,26.75,MODERATE,14.465,-1.330150068,216.8856761,23896.78568,23463.01432,INSIDE,,,,,,
08-01-2025,23746.65,23751.85,23496.15,23688.95,23645.65,266375381,250133324.9,1.06,23811.38213,23928.06954,24151.66232,24216.27579,23700.66827,23508.01851,,42.634054,40.96994949,38.75,0.16,-57.7,255.7,22.57,WEAK,2.03,NONE,75.4,STRONG DEFEND,14.6575,1.330798479,219.3716077,23966.02161,23527.27839,INSIDE,,,,,,
09-01-2025,23674.75,23689.5,23503.05,23526.5,23573.01667,273566395,254449009.1,1.08,23759.58538,23889.82482,24127.14615,24202.61686,23698.93525,23508.01851,,39.50878047,40.92549366,-14.2,-0.06,-148.25,186.45,79.51,STRONG,7.91,NONE,12.58,MILD,14.915,1.756779806,222.6395038,23897.3895,23452.1105,INSIDE,,,,,,
10-01-2025,23551.9,23596.6,23344.35,23431.5,23457.48333,261022434,254197574.3,1.03,23699.93349,23846.17484,24099.86591,24187.34722,23696.2742,,24010.80893,37.76531601,41.18844144,25.4,0.11,-120.4,252.25,47.73,MODERATE,17.72,MILD,34.55,MODERATE,15.9975,7.257794167,237.8617571,23789.76176,23314.03824,INSIDE,,,,,,
13-01-2025,23195.4,23340.95,23047.25,23085.95,23158.05,316481107,254517587.1,1.24,23588.30013,23773.77247,24060.1045,24165.53737,23690.20132,,23780.06715,32.1993718,40.72965361,-236.1,-1.01,-109.45,293.7,37.27,WEAK,49.56,STRONG REJECT,13.18,MILD,15.47,-3.297390217,227.5264628,23422.92646,22967.87354,INSIDE,,,,,,
14-01-2025,23165.9,23264.95,23134.15,23176.05,23191.71667,311235510,260701781.1,1.19,23513.34556,23716.84652,24025.43569,24145.94356,23685.08539,,23739.92372,34.89380021,40.49476395,79.95,0.35,10.15,130.8,7.76,INDECISION,67.97,STRONG REJECT,24.27,MODERATE,15.2575,-1.373626374,223.6704314,23389.57043,22942.22957,INSIDE,,,,,,
15-01-2025,23250.45,23293.65,23146.45,23213.2,23217.76667,228039156,258859687.3,0.88,23458.77364,23668.88019,23993.58331,24127.47339,23680.39001,,23711.22897,36.0227566,40.2936521,74.4,0.32,-37.25,147.2,25.31,WEAK,29.35,MODERATE,45.35,STRONG DEFEND,15.465,1.359986892,226.9919957,23477.442,23023.458,INSIDE,,,,,,
16-01-2025,23377.25,23391.65,23272.05,23311.8,23325.16667,299416081,262063164.6,1.14,23432.05116,23634.87255,23966.84671,24111.32145,23676.72245,,23711.22897,39.04392275,40.1727414,164.05,0.71,-65.45,119.6,54.72,MODERATE,12.04,MILD,33.24,MODERATE,15.7475,1.826705464,232.1109063,23609.36091,23145.13909,INSIDE,,,,,,
17-01-2025,23277.1,23292.1,23100.35,23203.2,23198.55,272945267,262154026.6,1.04,23390.44186,23593.76088,23936.89978,24093.33884,23672.01078,,23652.26354,36.97296626,40.14199849,-34.7,-0.15,-73.9,191.75,38.54,WEAK,7.82,NONE,53.64,STRONG DEFEND,16.415,4.238768058,240.9198623,23518.01986,23036.18014,INSIDE,,,,,,
20-01-2025,23290.4,23391.1,23170.65,23344.75,23302.16667,301455455,255091078.8,1.18,23382.13425,23570.04556,23913.67822,24078.5153,23668.75446,,23652.26354,41.34035352,40.42335152,87.2,0.38,54.35,220.45,24.65,WEAK,21.03,MODERATE,54.32,STRONG DEFEND,17.055,3.898872982,251.3769442,23541.77694,23039.02306,INSIDE,,,,,,
21-01-2025,23421.65,23426.3,22976.85,23024.65,23142.6,312871897,261246761.8,1.2,23317.13711,23518.10312,23878.81437,24057.64668,23662.34546,,23652.26354,35.3712898,40.04425015,76.9,0.33,-397,449.45,88.33,STRONG,1.03,NONE,10.64,MILD,16.7725,-1.656405746,247.5851397,23669.23514,23174.06486,OUT,,,,,,
22-01-2025,23099.15,23169.55,22981.3,23155.35,23102.06667,275951918,266161120.4,1.04,23287.72127,23483.55521,23850.44322,24039.77942,23657.30073,,23584.47593,39.2296132,39.07659876,74.5,0.32,56.2,188.25,29.85,WEAK,7.54,NONE,62.6,STRONG DEFEND,16.695,-0.462065882,243.7401621,23342.89016,22855.40984,INSIDE,,,,,,
23-01-2025,23128.3,23270.8,23090.65,23205.35,23188.93333,275558357,271054949.1,1.02,23272.74468,23457.05947,23825.14545,24023.25607,23652.8037,,23584.47593,40.68840017,38.52634781,-27.05,-0.12,77.05,180.15,42.77,MODERATE,36.33,MODERATE,20.9,MODERATE,16.745,0.299490866,245.5384663,23373.83847,22882.76153,INSIDE,,,,,,
24-01-2025,23183.9,23347.3,23050,23092.2,23163.16667,264336332,275430689.7,0.96,23239.91837,23422.31095,23796.40249,24004.81931,23647.22556,,23584.47593,38.43961415,38.3651968,-21.45,-0.09,-91.7,297.3,30.84,WEAK,54.96,STRONG REJECT,14.19,MILD,18.1325,8.286055539,266.7579819,23450.65798,22917.14202,INSIDE,,,,,,
27-01-2025,22940.15,23007.45,22786.9,22829.15,22874.5,257372790,270052856.5,0.95,23165.23321,23365.81943,23758.47102,23981.53873,23639.0855,,23421.18348,33.76720313,37.70553158,-152.05,-0.66,-111,220.55,50.33,MODERATE,30.51,MODERATE,19.16,MILD,18.195,0.344684958,263.7810666,23203.93107,22676.36893,INSIDE,,,,,,
28-01-2025,22960.45,23137.95,22857.65,22957.25,22984.28333,361868609,278464900.6,1.3,23127.41808,23326.90806,23727.05059,23961.25579,23632.30107,,23421.18348,37.73630647,37.35569247,131.3,0.58,-3.2,280.3,1.14,INDECISION,63.33,STRONG REJECT,35.53,MODERATE,18.64,2.445726848,271.7652098,23232.21521,22688.68479,INSIDE,,,,,,
29-01-2025,23026.75,23183.35,22976.5,23163.1,23107.65,251208119,283279209.7,0.89,23133.90571,23311.30729,23704.93488,23945.45072,23627.6324,,23421.18348,43.58672639,37.64697432,69.5,0.3,136.35,206.85,65.92,STRONG,9.79,NONE,24.29,MODERATE,17.39,-6.706008584,254.0380948,23280.78809,22772.71191,INSIDE,,,,,,
30-01-2025,23169.5,23322.05,23139.2,23249.5,23236.91667,384687127,288353525.5,1.33,23154.92285,23305.42088,23687.07469,23931.66952,23623.86989,,23421.18348,45.88507943,38.22695742,6.4,0.03,80,182.85,43.75,MODERATE,39.68,MODERATE,16.57,MILD,16.2475,-6.56986774,238.7681206,23408.26812,22930.73188,INSIDE,,,,,,
31-01-2025,23296.75,23546.8,23277.4,23508.4,23444.2,326919177,289085508.6,1.13,23219.19142,23324.75223,23680.06783,23923.28794,23622.72094,22898.91029,,52.17305786,39.65364928,47.25,0.2,211.65,269.4,78.56,STRONG,14.25,MILD,7.18,NONE,14.095,-13.24819203,209.131787,23505.88179,23087.61821,OUT,,,,,,
01-02-2025,23528.6,23632.45,23318.3,23482.15,23477.63333,287703637,289567600.1,0.99,23267.00207,23339.74249,23672.30635,23914.55254,23621.32222,22939.16323,,51.51940555,40.84119252,20.2,0.09,-46.45,314.15,14.79,INDECISION,33.06,MODERATE,52.16,STRONG DEFEND,14.3525,1.826888968,213.7269935,23742.32699,23314.87301,INSIDE,,,,,,
03-02-2025,23319.35,23381.6,23222,23361.05,23321.55,347241171,293812796,1.18,23284.1017,23341.77178,23660.10022,23903.59209,23618.73245,22939.16323,,48.50052147,41.73246144,-162.8,-0.69,41.7,159.6,26.13,WEAK,12.88,MILD,61,STRONG DEFEND,14.0175,-2.334088138,206.5227335,23525.87273,23112.82727,INSIDE,,,,,,
04-02-2025,23509.9,23762.75,23423.15,23739.25,23641.71667,376742506,299331152.3,1.26,23366.85593,23379.62685,23663.20413,23900.33779,23619.93163,23005.84647,,56.97900383,43.01353866,148.85,0.64,229.35,339.6,67.54,STRONG,6.92,NONE,25.54,MODERATE,14.0825,0.463706082,210.8625878,23720.76259,23299.03741,OUT,,,,,,
05-02-2025,23801.75,23807.3,23680.45,23696.3,23728.01667,267014345,299003549.8,0.89,23426.75485,23409.78619,23664.50201,23896.29744,23620.69151,23223.45217,,55.8544014,44.3622126,62.5,0.26,-105.45,126.85,83.13,STRONG,4.38,NONE,12.5,MILD,14.175,0.6568436,212.6455435,24014.39554,23589.10446,INSIDE,,,,,,
06-02-2025,23761.95,23773.55,23556.25,23603.35,23644.38333,306978683,301301362.2,1.02,23458.86306,23428.22084,23662.10389,23890.4965,23620.51896,23223.45217,,53.3981042,45.2234805,65.65,0.28,-158.6,217.3,72.99,STRONG,5.34,NONE,21.68,MODERATE,13.685,-3.456790123,205.0038007,23966.9538,23556.9462,INSIDE,,,,,,
07-02-2025,23649.5,23694.5,23443.2,23559.95,23565.88333,368092482,303881931,1.21,23477.24251,23440.76648,23658.09786,23883.95103,23619.91628,23223.45217,,52.24285563,46.42859235,46.15,0.2,-89.55,251.3,35.63,WEAK,17.91,MILD,46.46,STRONG DEFEND,14.445,5.553525758,215.6692202,23865.16922,23433.83078,INSIDE,,,,,,
10-02-2025,23543.8,23568.6,23316.3,23381.6,23422.16667,234202469,300030278.9,0.78,23459.85296,23435.13157,23647.2548,23874.00348,23617.54498,23223.45217,,47.67791702,47.03204262,-16.15,-0.07,-162.2,252.3,64.29,STRONG,9.83,NONE,25.88,MODERATE,14.87,2.942194531,220.8349603,23764.63496,23322.96504,INSIDE,,,,,,
11-02-2025,23383.55,23390.05,22986.65,23071.8,23149.5,281920833,302724362.8,0.93,23389.29788,23400.52857,23624.68795,23858.11826,23612.11468,,23752.44703,40.97955979,47.05283974,1.95,0.01,-311.75,403.4,77.28,STRONG,1.61,NONE,21.11,MODERATE,14.895,0.168123739,219.5304315,23603.08043,23164.01957,OUT,,,,,,
12-02-2025,23050.8,23144.7,22798.35,23045.25,22996.1,279656513,301736384.4,0.93,23326.74372,23366.69251,23601.96489,23842.02186,23606.47423,,23561.34262,40.45500472,47.19679621,-21,-0.09,-5.55,346.35,1.6,INDECISION,27.11,MODERATE,71.29,STRONG DEFEND,14.955,0.402819738,218.1027023,23268.9027,22832.6973,INSIDE,,,,,,
13-02-2025,23055.75,23235.5,22992.2,23031.4,23086.36667,265706855,301374463.8,0.88,23273.04486,23334.75989,23579.5898,23825.96994,23600.7521,,23561.34262,40.16616687,47.65386504,10.5,0.05,-24.35,243.3,10.01,INDECISION,73.88,STRONG REJECT,16.11,MILD,15.015,0.401203611,219.8368195,23275.58682,22835.91318,INSIDE,,,,,,
14-02-2025,23096.45,23133.7,22774.85,22929.25,22945.93333,254479643,299025673.2,0.85,23210.5367,23296.1399,23554.08628,23808.21311,23594.07049,,23553.15428,38.01060768,47.67345799,65.05,0.28,-167.2,358.85,46.59,MODERATE,10.38,MILD,43.03,STRONG DEFEND,15.7225,4.711954712,229.1868924,23325.63689,22867.26311,INSIDE,,,,,,
17-02-2025,22809.9,22974.2,22725.45,22959.5,22886.38333,207393944,293751775.5,0.71,23164.89367,23264.07896,23530.76917,23791.40691,23587.75636,,23428.42842,39.05369021,47.34966969,-119.35,-0.52,149.6,248.75,60.14,STRONG,5.91,NONE,33.95,MODERATE,15.665,-0.36571792,226.7743182,23036.67432,22583.12568,INSIDE,,,,,,
18-02-2025,22963.65,22992.5,22801.5,22945.3,22913.1,210616675,290485013.4,0.73,23124.96754,23233.71906,23507.80959,23774.65232,23581.36375,,23428.42842,38.72428358,46.83818427,4.15,0.02,-18.35,191,9.61,INDECISION,15.1,MILD,75.29,STRONG DEFEND,15.42,-1.56399617,223.4053875,23187.05539,22740.24461,INSIDE,,,,,,
19-02-2025,22847.25,23049.95,22814.85,22932.9,22932.56667,206999204,287057055.7,0.72,23090.04617,23205.06962,23485.26412,23757.98396,23574.91138,,23428.42842,38.41953591,45.85578985,-98.05,-0.43,85.65,235.1,36.43,WEAK,49.79,STRONG REJECT,13.78,MILD,14.6825,-4.782749676,213.2519791,23060.50198,22633.99802,INSIDE,,,,,,
20-02-2025,22821.1,22923.85,22812.75,22913.15,22883.25,240836647,285882071.5,0.84,23057.88323,23177.26776,23462.82827,23741.25457,23568.32669,,23336.73295,37.90783513,44.88353482,-111.8,-0.49,92.05,111.1,82.85,STRONG,9.63,NONE,7.52,NONE,14.53,-1.038651456,209.8825082,23030.98251,22611.21749,INSIDE,,,,,,
21-02-2025,22857.2,22921,22720.3,22795.9,22812.4,242753984,285151131.2,0.85,23010.24992,23140.94702,23436.67422,23722.53468,23560.64085,,23275.67636,34.93320586,43.91444084,-55.95,-0.24,-61.3,200.7,30.54,WEAK,31.79,MODERATE,37.67,MODERATE,14.4425,-0.60220234,208.5926544,23065.79265,22648.60735,INSIDE,,,,,,
24-02-2025,22609.35,22668.05,22518.8,22553.35,22580.06667,214317552,277773578.3,0.77,22927.17721,23084.9854,23402.03406,23699.38251,23550.61806,,23068.28609,29.73508719,41.9684468,-186.55,-0.82,-56,149.25,37.52,WEAK,39.33,MODERATE,23.15,MODERATE,13.715,-5.037216548,195.8993735,22805.24937,22413.45063,INSIDE,,,,,,
25-02-2025,22516.45,22625.3,22513.9,22547.55,22562.25,250279519,277727148.3,0.9,22858.15408,23033.80107,23368.52488,23676.57394,23540.63728,,22994.04887,29.62157896,40.09467377,-36.9,-0.16,31.1,111.4,27.92,WEAK,69.79,STRONG REJECT,2.29,NONE,13.3075,-2.971199417,189.7203401,22706.17034,22326.72966,INSIDE,,,,,,
27-02-2025,22568.95,22613.3,22508.4,22545.05,22555.58333,289230479,272954315.9,1.06,22801.22606,22987.25335,23336.23174,23654.16753,23530.73094,,22942.3691,29.56918344,38.392608,21.4,0.09,-23.9,104.9,22.78,WEAK,42.28,STRONG REJECT,34.94,MODERATE,13.91,4.527522074,198.2047908,22767.15479,22370.74521,INSIDE,,,,,,
28-02-2025,22433.4,22450.35,22104.85,22124.7,22226.63333,551285287,284172621.4,1.94,22678.22132,22905.10541,23288.7207,23623.88104,23516.74058,,22758.89528,22.39599741,36.26068955,-111.65,-0.5,-308.7,345.5,89.35,STRONG,4.91,NONE,5.75,NONE,13.7625,-1.06038821,194.6899445,22628.08994,22238.71006,OUT,,,,,,
03-03-2025,22194.55,22261.55,22004.7,22119.3,22128.51667,282399735,283907426.3,0.99,22576.59927,22830.2668,23242.86106,23594.08736,23502.8357,,22620.90122,22.32108471,34.44948725,69.85,0.32,-75.25,256.85,29.3,WEAK,26.09,MODERATE,44.62,STRONG DEFEND,13.83,0.490463215,193.9995189,22388.54952,22000.55048,INSIDE,,,,,,
04-03-2025,21974.45,22105.05,21964.6,22082.65,22050.76667,253260641,279208399.8,0.91,22486.79031,22759.0652,23197.36259,23564.15791,23488.7045,,22486.92598,21.78839395,33.07868969,-144.85,-0.65,108.2,140.45,77.04,STRONG,15.95,MILD,7.01,NONE,13.67,-1.156905278,190.4070784,22164.85708,21784.04292,INSIDE,,,,,,
05-03-2025,22073.05,22394.9,22067.8,22337.3,22266.66667,305942691,275668409.1,1.11,22459.61025,22718.89709,23163.63464,23539.86369,23477.24774,,22486.92598,33.63869005,32.59181007,-9.6,-0.04,264.25,327.1,80.79,STRONG,17.61,MILD,1.61,NONE,13.725,0.402340892,193.6799008,22266.7299,21879.3701,OUT,,,,,,
06-03-2025,22476.35,22556.45,22245.85,22544.7,22449,372083680,280921875.8,1.32,22475.08112,22702.30689,23139.3627,23520.15748,23467.96866,21882.89337,,41.4232335,32.68160054,139.05,0.62,68.35,310.6,22.01,WEAK,3.78,NONE,74.21,STRONG DEFEND,13.47,-1.857923497,191.4526664,22667.80267,22284.89733,INSIDE,,,,,,
07-03-2025,22508.65,22633.8,22464.75,22552.5,22550.35,289765795,280061231.4,1.03,22489.15728,22688.03957,23116.34847,23500.99595,23458.85951,22067.0497,,41.70021813,32.94514414,-36.05,-0.16,43.85,169.05,25.94,WEAK,48.09,STRONG REJECT,25.97,MODERATE,13.985,3.823311062,199.4541229,22708.10412,22309.19588,INSIDE,,,,,,
10-03-2025,22521.85,22676.75,22429.05,22460.3,22522.03333,293855491,276349381.9,1.06,22483.9105,22666.35008,23090.62108,23480.3881,23448.9236,22068.03976,,39.33263976,32.96506911,-30.65,-0.14,-61.55,247.7,24.85,WEAK,62.54,STRONG REJECT,12.62,MILD,14.0725,0.625670361,201.0829013,22722.9329,22320.7671,INSIDE,,,,,,
11-03-2025,22345.95,22522.1,22314.7,22497.9,22444.9,347924102,282035463.5,1.23,22486.45404,22650.30722,23067.37712,23460.93289,23439.46068,22068.03976,,40.80857214,33.11394687,-114.35,-0.51,151.95,207.4,73.26,STRONG,11.67,MILD,15.07,MILD,13.6925,-2.700302007,194.3187487,22540.26875,22151.63125,INSIDE,,,,,,
12-03-2025,22536.35,22577.4,22329.55,22470.5,22459.15,369736725,286426258.1,1.29,22483.55331,22633.18272,23043.97017,23441.32036,23429.81928,22068.03976,,40.04403844,33.22998276,38.45,0.17,-65.85,247.85,26.57,WEAK,16.56,MILD,56.87,STRONG DEFEND,13.28,-3.012598138,188.9274556,22725.27746,22347.42254,INSIDE,,,,,,
13-03-2025,22541.5,22558.05,22377.35,22397.2,22444.2,287535243,286820194.6,1,22467.85271,22610.70818,23018.60664,23420.64471,23419.54446,22068.03976,,37.99338928,33.23609377,71,0.32,-144.3,180.7,79.86,STRONG,9.16,NONE,10.99,MILD,13.415,1.016566265,190.6844617,22732.18446,22350.81554,INSIDE,,,,,,
17-03-2025,22353.15,22577,22353.15,22508.75,22479.63333,251102239,286089963.8,0.88,22475.28858,22600.99787,22998.61226,23402.58739,23410.48183,22068.03976,,42.7944984,33.79761467,-44.05,-0.2,155.6,223.85,69.51,STRONG,30.49,MODERATE,0,NONE,13.21,-1.528140142,187.9282735,22541.07827,22165.22173,INSIDE,,,,,,
18-03-2025,22662.25,22857.8,22599.2,22834.3,22763.76667,272578844,286994923.9,0.95,22540.56338,22623.21712,22992.16864,23391.33417,23404.74868,22227.3697,,53.99093447,35.53017519,153.5,0.68,172.05,258.6,66.53,STRONG,9.09,NONE,24.38,MODERATE,13.2975,0.662376987,191.5258951,22853.7759,22470.7241,INSIDE,,,,,,
19-03-2025,22874.95,22940.7,22807.95,22907.6,22885.41667,323992121,292824832.7,1.11,22607.29731,22650.30121,22988.85222,23381.75528,23399.80192,22420.32076,,56.07551943,37.41974236,40.65,0.18,32.65,132.75,24.6,WEAK,24.93,MODERATE,50.47,STRONG DEFEND,12.6025,-5.226546343,182.1740213,23057.12402,22692.77598,INSIDE,,,,,,
20-03-2025,23036.6,23216.7,22973.95,23190.65,23127.1,313729818,297980489.9,1.05,22713.36144,22701.763,22996.76586,23377.97102,23397.72081,22608.48161,,63.03950461,39.81047959,129,0.56,154.05,242.75,63.46,STRONG,10.73,MILD,25.81,MODERATE,12.575,-0.218210672,183.9634546,23220.56345,22852.63655,INSIDE,,,,,,
21-03-2025,23168.25,23402.7,23132.8,23350.4,23295.3,540966316,314678845.5,1.72,22829.18663,22763.53795,23010.63387,23377.42506,23397.24996,22770.31529,,66.2881082,42.94563036,-22.4,-0.1,182.15,269.9,67.49,STRONG,19.38,MILD,13.13,MILD,13.7,8.946322068,202.0270888,23370.27709,22966.22291,INSIDE,,,,,,
24-03-2025,23515.4,23708.75,23433.5,23658.35,23600.2,311900413,318232033.8,0.98,22979.94361,22848.75815,23036.0345,23382.98793,23399.84797,23029.83723,,71.49019108,46.45770939,165,0.71,142.95,275.25,51.93,MODERATE,18.31,MILD,29.75,MODERATE,13.635,-0.474452555,203.6980506,23719.09805,23311.70195,INSIDE,,,,,,
25-03-2025,23751.5,23869.6,23601.4,23668.65,23713.21667,338216746,323005171.9,1.05,23105.16295,22926.84308,23060.84295,23388.6446,23402.52261,23195.18978,,71.647779,50.01909403,93.15,0.39,-82.85,268.2,30.89,WEAK,44.03,STRONG REJECT,25.07,MODERATE,13.47,-1.210121012,202.5983062,23954.09831,23548.90169,INSIDE,,,,,,
26-03-2025,23700.95,23736.5,23451.7,23486.85,23558.35,278590831,326218835.8,0.85,23174.5606,22980.17708,23077.54911,23390.58926,23403.36169,23195.18978,,64.83563631,52.24744734,32.3,0.14,-214.1,284.8,75.18,STRONG,12.48,MILD,12.34,MILD,13.3,-1.262063846,198.9259294,23899.87593,23502.02407,OUT,,,,,,
27-03-2025,23433.95,23646.45,23412.2,23591.95,23550.2,510302142,339219967,1.5,23250.44958,23038.44116,23097.72169,23394.5766,23405.23819,23195.18978,,66.80081458,54.0601317,-52.9,-0.23,158,234.25,67.45,STRONG,23.27,MODERATE,9.28,NONE,12.7175,-4.379699248,189.491952,23623.44195,23244.45805,INSIDE,,,,,,
28-03-2025,23600.4,23649.2,23450.2,23519.35,23539.58333,295359904,339526438.2,0.87,23299.34056,23084.24201,23114.25614,23397.04736,23406.37363,23195.18978,,64.13451118,55.6625812,8.45,0.04,-81.05,199,40.73,MODERATE,24.52,MODERATE,34.75,MODERATE,13.7825,8.374287399,205.3844354,23805.78444,23395.01556,INSIDE,,,,,,
01-04-2025,23341.1,23565.15,23136.4,23165.7,23289.08333,375118343,330718091,1.13,23275.04228,23091.99991,23116.27354,23392.46623,23403.97887,,23925.5611,53.03059799,56.64100679,-178.25,-0.76,-175.4,428.75,40.91,MODERATE,52.26,STRONG REJECT,6.83,NONE,13.7225,-0.435334664,203.7635607,23544.86356,23137.33644,INSIDE,,,,,,
02-04-2025,23192.6,23350,23158.45,23332.35,23280.26667,340970371,333646622.8,1.02,23285.46187,23114.89039,23124.74713,23391.27581,23403.26614,,23790.67388,56.82411356,57.78497404,26.9,0.12,139.75,191.55,72.96,STRONG,9.21,NONE,17.83,MILD,13.6,-0.89269448,200.1008192,23392.70082,22992.49918,INSIDE,,,,,,
03-04-2025,23150.3,23306.5,23145.8,23250.1,23234.13333,283196379,335143409.7,0.85,23279.03244,23127.7675,23129.66293,23388.48025,23401.7421,,23729.92911,54.48516649,58.81648318,-182.05,-0.78,99.8,160.7,62.1,STRONG,35.1,MODERATE,2.8,NONE,13.755,1.139705882,202.0043526,23352.30435,22948.29565,INSIDE,,,,,,
04-04-2025,23190.4,23214.7,22857.45,22904.45,22992.2,466776198,343185085.1,1.36,23210.92654,23106.49917,23120.83105,23378.89549,23396.79392,,23596.15829,45.92931844,59.38333527,-59.7,-0.26,-285.95,357.25,80.04,STRONG,6.8,NONE,13.16,MILD,22.7925,65.70338059,333.4096092,23523.80961,22856.99039,INSIDE,,,,,,
07-04-2025,21758.4,22254,21743.65,22161.6,22053.08333,647107618,356936282,1.81,23020.13989,23016.50877,23083.21414,23354.79063,23384.50344,,22911.21163,33.68632401,58.73275138,-1146.05,-5,403.2,510.35,79,STRONG,18.11,MILD,2.89,NONE,20.4425,-10.31040913,286.658724,22045.05872,21471.74128,OUT,,,,,,
08-04-2025,22446.75,22697.2,22270.85,22535.85,22501.3,406248297,362760407.1,1.12,22932.08719,22970.73174,23061.74888,23338.57398,23376.05912,,22911.21163,42.06514547,57.88090931,285.15,1.29,89.1,426.35,20.9,WEAK,37.84,MODERATE,41.26,STRONG DEFEND,21.43,4.830622478,306.4908607,22753.24086,22140.25914,INSIDE,,,,,,
09-04-2025,22460.3,22468.7,22353.25,22399.15,22407.03333,358462687,365990766.9,0.98,22835.18952,22916.29539,23035.76461,23319.97153,23366.33864,,22911.21163,40.07342807,56.73790278,-75.55,-0.34,-61.15,115.45,52.97,MODERATE,7.28,NONE,39.76,MODERATE,20.1075,-6.17125525,284.6814022,22744.9814,22175.6186,INSIDE,,,,,,
11-04-2025,22695.4,22923.9,22695.4,22828.55,22815.95,373244452,367256784.4,1.02,22833.98233,22907.93868,23027.63855,23310.24041,23360.9875,,22911.21163,48.3467707,55.68842179,296.25,1.32,133.15,228.5,58.27,MODERATE,41.73,STRONG REJECT,0,NONE,16.125,-19.80604252,232.9224244,22928.32242,22462.47758,INSIDE,,,,,,
15-04-2025,23368.35,23368.35,23207,23328.55,23301.3,388321931,368186044.7,1.05,22923.90373,22947.9969,23039.439,23310.60297,23360.66474,22373.68496,,55.96946024,54.95137551,539.8,2.36,-39.8,161.35,24.67,WEAK,0,NONE,75.33,STRONG DEFEND,15.865,-1.612403101,233.6098757,23601.95988,23134.74012,INSIDE,,,,,,
16-04-2025,23344.1,23452.2,23273.05,23437.2,23387.48333,348424960,371230530.5,0.94,23017.23032,22994.58768,23055.03747,23313.10985,23361.42629,22559.77297,,57.43928016,53.94773901,15.55,0.07,93.1,179.15,51.97,MODERATE,8.37,NONE,39.66,MODERATE,15.4675,-2.505515285,228.5739783,23572.67398,23115.52602,INSIDE,,,,,,
17-04-2025,23401.85,23872.35,23298.55,23851.65,23674.18333,505333905,383942113.8,1.32,23168.94299,23076.21266,23086.27718,23323.77401,23366.30414,22713.64837,,62.57185738,53.2994589,-35.35,-0.15,449.8,573.8,78.39,STRONG,3.61,NONE,18,MILD,15.515,0.307095523,233.3834343,23635.23343,23168.46657,OUT,,,,,,
21-04-2025,23949.15,24189.55,23903.65,24125.55,24072.91667,406145632,390620453.2,1.04,23342.87154,23176.14955,23127.03297,23339.65076,23373.85882,23213.9987,,65.5303342,53.34908017,97.5,0.41,176.4,285.9,61.7,STRONG,22.39,MODERATE,15.91,MILD,15.23,-1.836932001,232.14042,24181.29042,23717.00958,INSIDE,,,,,,
22-04-2025,24185.4,24242.6,24072,24167.25,24160.61667,440940490,396467871.7,1.11,23492.75853,23270.54007,23167.8258,23356.03886,23381.75326,23422.97896,,65.97133914,53.28983193,59.85,0.25,-18.15,170.6,10.64,INDECISION,33.53,MODERATE,55.83,STRONG DEFEND,15.96,4.793171372,243.8008166,24429.20082,23941.59918,INSIDE,,,,,,
23-04-2025,24357.6,24359.3,24119.95,24328.95,24269.4,415042544,401533508,1.03,23644.79334,23371.34101,23213.36008,23375.30443,23391.1781,23556.42817,,67.69719783,53.54430955,190.35,0.79,-28.65,239.35,11.97,INDECISION,0.71,NONE,87.32,STRONG DEFEND,16.25,1.817042607,249.4257246,24607.02572,24108.17428,INSIDE,,,,,,
24-04-2025,24277.9,24347.85,24216.15,24246.7,24270.23333,358768165,392423600.4,0.91,23754.23092,23454.70854,23253.88322,23392.55979,23399.69076,23682.76253,,65.86724275,54.46121275,-51.05,-0.21,-31.2,131.7,23.69,WEAK,53.11,STRONG REJECT,23.2,MODERATE,17.1575,5.584615385,263.2314029,24541.1314,24014.6686,INSIDE,,,,,,
25-04-2025,24289,24365.45,23847.85,24039.35,24084.21667,387741866,396215673.1,0.98,23806.07075,23510.38868,23284.68583,23405.36752,23406.05553,23682.76253,,61.36389514,54.78548286,42.3,0.17,-249.65,517.6,48.23,MODERATE,14.77,MILD,37,MODERATE,16.94,-1.267667201,260.0823711,24549.08237,24028.91763,INSIDE,,,,,,
28-04-2025,24070.25,24355.1,24054.05,24328.5,24245.88333,320467976,395328234.6,0.81,23901.05789,23588.30404,23325.61972,23423.64737,23415.23408,23682.76253,,64.96151406,55.5337934,30.9,0.13,258.25,301.05,85.78,STRONG,8.84,NONE,5.38,NONE,17.37,2.53837072,266.5709433,24336.82094,23803.67906,INSIDE,,,,,,
29-04-2025,24370.7,24457.65,24290.75,24335.95,24361.45,357563224,399276854.2,0.9,23980.12918,23659.50842,23365.24052,23441.71277,23424.39543,23767.08482,,65.05180919,56.8996856,42.2,0.17,-34.75,166.9,20.82,WEAK,52.1,STRONG REJECT,27.08,MODERATE,18.2225,4.907887162,280.8314601,24651.53146,24089.86854,INSIDE,,,,,,
30-04-2025,24342.05,24396.15,24198.75,24334.2,24309.7,424452559,394984375.1,1.07,24044.50569,23723.76476,23403.23893,23459.38578,23433.44821,23767.08482,,65.00942911,59.13705025,6.1,0.03,-7.85,197.4,3.98,INDECISION,27.41,MODERATE,68.62,STRONG DEFEND,18.2575,0.192070243,280.6633325,24622.71333,24061.38667,INSIDE,,,,,,
02-05-2025,24311.9,24589.15,24238.5,24346.7,24391.45,421112627,401272011.2,1.05,24099.45011,23783.09192,23440.2374,23476.95636,23442.5353,23821.84328,,65.18390646,60.78839032,-22.3,-0.09,34.8,350.65,9.92,INDECISION,69.14,STRONG REJECT,20.93,MODERATE,18.3375,0.438176092,284.1232124,24596.02321,24027.77679,INSIDE,,,,,,
05-05-2025,24419.5,24526.4,24400.65,24461.15,24462.73333,291471628,397089675.5,0.73,24165.21373,23847.66888,23480.27319,23496.44534,23452.67077,23918.05963,,66.81550648,62.69853877,72.8,0.3,41.65,125.75,33.12,WEAK,51.89,STRONG REJECT,14.99,MILD,18.995,3.585548739,293.5595261,24713.05953,24125.94047,INSIDE,,,,,,
06-05-2025,24500.75,24509.65,24331.8,24379.6,24407.01667,302354059,395158859.9,0.77,24204.19305,23898.32899,23515.54091,23513.93355,23461.89394,23918.05963,,64.49618712,63.85206852,39.6,0.16,-121.15,177.85,68.12,STRONG,5,NONE,26.88,MODERATE,19.06,0.342195315,294.3629042,24795.1129,24206.3871,INSIDE,,,,,,
07-05-2025,24233.3,24449.6,24220,24414.4,24361.33333,330137191,397505900.5,0.83,24242.4125,23947.47861,23550.79029,23531.76457,23471.37162,23918.05963,,65.05366152,64.50094004,-146.3,-0.6,181.1,229.6,78.88,STRONG,15.33,MILD,5.79,NONE,21.0075,10.21773347,323.645225,24556.94522,23909.65478,INSIDE,,,,,,
08-05-2025,24431.5,24447.25,24150.2,24273.8,24290.41667,411362230,394735202.1,1.04,24248.11931,23978.55684,23579.14361,23546.45834,23479.35598,23918.05963,,60.89348709,64.74766911,17.1,0.07,-157.7,297.05,53.09,MODERATE,5.3,NONE,41.61,STRONG DEFEND,21.6325,2.975127931,333.2420514,24764.74205,24098.25795,INSIDE,,,,,,
09-05-2025,23935.75,24164.25,23935.75,24008,24036,335550680,379157355.2,0.88,24204.46126,23981.36095,23595.9615,23555.59778,23484.61612,23918.05963,,53.87874648,64.12673261,-338.05,-1.39,72.25,228.5,31.62,WEAK,68.38,STRONG REJECT,0,NONE,18.3925,-14.97746446,280.0510196,24215.80102,23655.69898,INSIDE,,,,,,
12-05-2025,24420.1,24944.8,24378.85,24924.7,24749.45,368707684,377280324.5,0.98,24335.41376,24071.20276,23648.0689,23582.70872,23498.94531,23918.05963,,67.69894802,64.2816336,412.1,1.72,504.6,565.95,89.16,STRONG,3.55,NONE,7.29,NONE,18.2,-1.046622265,286.0714304,24706.17143,24134.02857,OUT,,,,,,
13-05-2025,24864.05,24973.8,24547.5,24578.35,24699.88333,422977876,380506084,1.11,24379.58398,24119.5025,23684.55051,23602.42439,23509.68565,23939.05807,,60.34188025,63.87952939,-60.65,-0.24,-285.7,426.3,67.02,STRONG,25.74,MODERATE,7.24,NONE,17.225,-5.357142857,271.0609357,25135.11094,24592.98906,OUT,,,,,,
14-05-2025,24613.8,24767.55,24535.55,24666.9,24656.66667,345490805,379118401.6,0.91,24431.82326,24171.63559,23723.07402,23623.50311,23521.20023,23939.05807,,61.49403008,63.43644598,35.45,0.14,53.1,232,22.89,WEAK,43.38,STRONG REJECT,33.73,MODERATE,16.8925,-1.930333817,263.6331685,24877.43317,24350.16683,INSIDE,,,,,,
15-05-2025,24694.45,25116.25,24494.45,25062.1,24890.93333,500821889,384743399.5,1.3,24546.41903,24256.44173,23775.58484,23651.99018,23536.53256,23956.57116,,66.21197343,63.4610696,27.55,0.11,367.65,621.8,59.13,MODERATE,8.71,NONE,32.16,MODERATE,16.55,-2.027527009,261.9243463,24956.37435,24432.52565,OUT,,,,,,
16-05-2025,25064.65,25070,24953.05,25019.8,25014.28333,432717092,388958006.1,1.11,24632.4883,24329.14252,23824.37759,23679.07552,23551.29144,24285.72193,,65.28987223,63.74149654,2.55,0.01,-44.85,116.95,38.35,WEAK,4.57,NONE,57.08,STRONG DEFEND,17.355,4.864048338,274.1586957,25338.8087,24790.4913,INSIDE,,,,,,
19-05-2025,25005.35,25062.95,24916.65,24945.45,24975.01667,255254340,376454027.9,0.68,24689.39042,24387.83847,23868.34122,23704.15224,23565.16367,24350.63754,,63.61295015,63.64517054,-14.45,-0.06,-59.9,146.3,40.94,MODERATE,39.37,MODERATE,19.69,MILD,17.385,0.172860847,274.5553785,25279.90538,24730.79462,INSIDE,,,,,,
20-05-2025,24996.2,25010.35,24669.7,24683.9,24787.98333,414799113,376886701.9,1.1,24688.39217,24416.0348,23900.32391,23723.55319,23576.29537,24350.63754,,57.97210038,63.13947706,50.75,0.2,-312.3,340.65,91.68,STRONG,4.15,NONE,4.17,NONE,17.5475,0.934713834,276.5400861,25272.74009,24719.65991,OUT,,,,,,
21-05-2025,24744.25,24946.2,24685.35,24813.45,24815,332724952,371475925,0.9,24711.12995,24453.88387,23936.13278,23745.1353,23588.60537,24350.63754,,59.87025995,62.77239355,60.35,0.24,69.2,260.85,26.53,WEAK,50.89,STRONG REJECT,22.58,MODERATE,17.2575,-1.652657074,271.272241,25015.52224,24472.97776,INSIDE,,,,,,
22-05-2025,24733.95,24737.5,24462.4,24609.7,24603.2,403279638,370887779.7,1.09,24692.68814,24468.7235,23962.54718,23762.2554,23598.76551,24350.63754,,55.61585765,62.08896149,-79.5,-0.32,-124.25,275.1,45.17,MODERATE,1.29,NONE,53.54,STRONG DEFEND,17.2775,0.115891641,269.3145282,25003.26453,24464.63547,INSIDE,,,,,,
23-05-2025,24639.5,24909.05,24614.05,24853.15,24792.08333,270470348,366472888.9,0.74,24721.86303,24505.33555,23997.47278,23783.85727,23611.24695,24350.63754,,59.33423297,61.55458481,29.8,0.12,213.65,295,72.42,STRONG,18.95,MILD,8.63,NONE,18.02,4.297496744,282.8362199,24922.33622,24356.66378,INSIDE,,,,,,
26-05-2025,24919.35,25079.2,24900.5,25001.15,24993.61667,302799227,362225756.9,0.84,24772.64248,24552.55597,24036.83267,23807.96208,23625.07683,24394.79731,,61.44870057,61.3369072,66.2,0.27,81.8,178.7,45.78,MODERATE,43.68,STRONG REJECT,10.55,MILD,18.535,2.857935627,292.9067246,25212.25672,24626.44328,INSIDE,,,,,,
27-05-2025,24956.65,25062.9,24704.1,24826.2,24864.4,525653668,372485041.5,1.41,24782.38021,24578.61731,24067.78825,23828.1252,23637.02831,24394.79731,,57.63377518,60.80691532,-44.5,-0.18,-130.45,358.8,36.36,WEAK,29.61,MODERATE,34.03,MODERATE,18.0175,-2.792015107,284.5436678,25241.19367,24672.10633,INSIDE,,,,,,
28-05-2025,24832.5,24864.25,24737.05,24752.45,24784.58333,684425319,388828146.3,1.76,24776.93835,24595.1728,24094.63773,23846.42866,23648.12703,24394.79731,,56.05393834,60.46123326,6.3,0.03,-80.05,127.2,62.93,STRONG,24.96,MODERATE,12.11,MILD,16.42,-8.866379908,257.2595999,25089.7596,24575.2404,INSIDE,,,,,,
29-05-2025,24825.1,24892.6,24677.3,24833.6,24801.16667,345370611,384874048.9,0.9,24787.24047,24617.88016,24123.61665,23865.97661,23659.92278,24394.79731,,57.43649746,60.71535833,72.65,0.29,8.5,215.3,3.95,INDECISION,27.4,MODERATE,68.65,STRONG DEFEND,16.0775,-2.085870889,252.1807035,25077.2807,24572.9193,INSIDE,,,,,,
30-05-2025,24812.6,24863.95,24717.4,24750.7,24777.35,853890976,406512966.3,2.1,24780.59675,24630.52966,24148.20815,23883.49589,23670.77628,24394.79731,,55.51506428,59.84508092,-21,-0.08,-61.9,146.55,42.24,MODERATE,35.04,MODERATE,22.72,MODERATE,17.1575,6.717462292,268.811104,25081.4111,24543.7889,INSIDE,,,,,,
02-06-2025,24669.7,24754.4,24526.15,24716.6,24665.71667,311100908,407494430.3,0.76,24768.96098,24638.72684,24170.49803,23899.993,23681.18249,24394.79731,,54.70439431,59.44240336,-81,-0.33,46.9,228.25,20.55,WEAK,16.56,MILD,62.89,STRONG DEFEND,16.555,-3.511583855,258.2287914,24927.92879,24411.47121,INSIDE,,,,,,
03-06-2025,24786.3,24845.1,24502.15,24542.5,24629.91667,349288937,409841174.2,0.85,24727.78625,24629.56238,24185.08634,23912.71591,23689.75281,24394.79731,,50.63861214,58.66701636,69.7,0.28,-243.8,342.95,71.09,STRONG,17.15,MILD,11.77,MILD,15.745,-4.892781637,246.4940766,25032.79408,24539.80592,INSIDE,,,,,,
04-06-2025,24560.45,24644.25,24530.45,24620.2,24598.3,280862575,407377443.4,0.69,24708.22512,24628.67072,24202.14962,23926.7255,23699.011,24394.79731,,52.34105767,57.67623666,17.95,0.07,59.75,113.8,52.5,MODERATE,21.13,MODERATE,26.36,MODERATE,15.0825,-4.207684979,234.213548,24794.66355,24326.23645,INSIDE,,,,,,
05-06-2025,24691.2,24899.85,24613.1,24750.9,24754.61667,388405978,406229630.8,0.96,24715.98419,24640.31161,24223.66924,23943.04578,23709.47755,24394.79731,,55.1435839,56.95150178,71,0.29,59.7,286.75,20.82,WEAK,51.94,STRONG REJECT,27.24,MODERATE,14.63,-3.000165755,229.5430406,24920.74304,24461.65696,INSIDE,,,,,,
06-06-2025,24748.7,25029.5,24671.45,25003.05,24901.33333,335581057,406231149.7,0.83,24768.17797,24674.85812,24254.23319,23964.03596,23722.34892,24394.79731,,60.02716401,56.6953742,-2.2,-0.01,254.35,358.05,71.04,STRONG,7.39,NONE,21.58,MODERATE,14.6925,0.427204375,231.7239627,24980.42396,24516.97604,OUT,,,,,,
09-06-2025,25160.1,25160.1,25077.15,25103.2,25113.48333,279219989,401756764.9,0.69,24829.09107,24715.65259,24287.52601,23986.59367,23736.08873,24633.28862,,61.80580293,56.9692101,157.05,0.63,-56.9,82.95,68.6,STRONG,0,NONE,31.4,MODERATE,14.015,-4.611196189,222.1920614,25382.29206,24937.90794,INSIDE,,,,,,
10-06-2025,25196.05,25199.3,25055.45,25104.25,25119.66667,307323471,395974044.7,0.78,24879.11996,24752.66186,24319.5544,24008.72548,23749.70228,24681.5659,,61.8249819,57.10883309,92.85,0.37,-91.8,143.85,63.82,STRONG,2.26,NONE,33.92,MODERATE,13.6675,-2.479486265,217.0204365,25413.07044,24979.02956,INSIDE,,,,,,
11-06-2025,25134.15,25222.4,25081.3,25141.4,25148.36667,301245273,393761768.1,0.77,24926.80724,24789.68454,24351.78364,24031.15468,23763.55002,24738.76272,,62.54167024,57.60353399,29.9,0.12,7.25,141.1,5.14,INDECISION,57.41,STRONG REJECT,37.46,MODERATE,14.015,2.542527895,222.7422407,25356.89224,24911.40776,INSIDE,,,,,,
12-06-2025,25164.45,25196.2,24825.9,24888.2,24970.1,328310748,385136211,0.85,24919.78774,24799.06697,24372.81958,24048.12587,23774.74056,24738.76272,,54.96732255,57.29161182,23.05,0.09,-276.25,370.3,74.6,STRONG,8.57,NONE,16.82,MILD,15.08,7.59900107,239.4194682,25403.86947,24925.03053,OUT,,,,,,
13-06-2025,24473,24754.35,24473,24718.6,24648.65,327875182,379894115.5,0.86,24883.20815,24791.40345,24386.37959,24061.40259,23784.1322,,25162.62686,50.55107895,56.51321028,-415.2,-1.67,245.6,281.35,87.29,STRONG,12.71,MILD,0,NONE,14.8375,-1.608090186,231.4383542,24704.43835,24241.56165,OUT,,,,,,
16-06-2025,24732.35,24967.1,24703.6,24946.5,24872.4,305813047,382422050.9,0.8,24894.71576,24806.17455,24408.3451,24078.92927,23795.69805,,25162.62686,55.70147753,56.37518901,13.75,0.06,214.15,263.5,81.27,STRONG,7.82,NONE,10.91,MILD,14.4025,-2.931760741,226.5839053,24958.93391,24505.76609,INSIDE,,,,,,
17-06-2025,24977.85,24982.05,24813.7,24853.4,24883.05,242415740,373802882.2,0.65,24887.20381,24810.67221,24425.79823,24094.26532,23806.22244,,25162.62686,53.260954,56.17569013,31.35,0.13,-124.45,168.35,73.92,STRONG,2.49,NONE,23.58,MODERATE,14.275,-0.885262975,224.7125165,25202.56252,24753.13748,INSIDE,,,,,,
18-06-2025,24788.35,24947.55,24750.45,24812.05,24836.68333,237599011,369046585.2,0.64,24873.53948,24810.80343,24440.94536,24108.47888,23816.23068,,25162.62686,52.16768171,55.79934615,-65.05,-0.26,23.7,197.1,12.02,INDECISION,68.75,STRONG REJECT,19.23,MILD,14.255,-0.140105079,224.0877916,25012.43779,24564.26221,INSIDE,,,,,,
19-06-2025,24803.25,24863.1,24733.4,24793.25,24796.58333,274619935,362613600,0.76,24858.94139,24809.13167,24454.76123,24122.0387,23825.95226,,25162.62686,51.64858907,55.52316935,-8.8,-0.04,-10,129.7,7.71,INDECISION,46.14,STRONG REJECT,46.14,STRONG DEFEND,13.6725,-4.086285514,214.2033615,25017.45336,24589.04664,INSIDE,,,,,,
20-06-2025,24787.65,25136.2,24783.65,25112.4,25010.75,574654035,377822784.4,1.52,24905.02477,24838.01437,24480.55098,24141.64982,23838.75274,,25162.62686,59.09056853,55.83646751,-5.6,-0.02,324.75,352.55,92.11,STRONG,6.75,NONE,1.13,NONE,14.0475,2.742731761,222.495759,25010.14576,24565.15424,OUT,,,,,,
23-06-2025,24939.75,25057,24824.85,24971.9,24951.25,248534153,375109530.7,0.66,24917.18391,24850.76538,24499.81957,24158.09042,23850.02784,,25162.62686,55.07195736,56.15313502,-172.65,-0.69,32.15,232.15,13.85,INDECISION,36.66,MODERATE,49.49,STRONG DEFEND,13.6425,-2.88307528,215.4002032,25155.1502,24724.3498,INSIDE,,,,,,
24-06-2025,25179.9,25317.7,24999.7,25044.35,25120.58333,450185468,371336120.7,1.21,24940.30501,24869.20201,24521.17371,24175.64011,23861.91164,,25162.62686,56.70697521,56.46498628,208,0.83,-135.55,318,42.63,MODERATE,43.33,STRONG REJECT,14.04,MILD,12.9625,-4.984423676,206.793123,25386.69312,24973.10688,INSIDE,,,,,,
25-06-2025,25150.35,25266.8,25125.05,25244.75,25212.2,260582584,350143983.9,0.74,24995.65865,24904.96849,24549.54925,24196.8106,23875.67122,24671.53402,,60.94114718,56.87909794,106,0.42,94.4,141.75,66.6,STRONG,15.56,MILD,17.85,MILD,12.59,-2.87367406,200.4467624,25350.79676,24949.90324,INSIDE,,,,,,
26-06-2025,25268.95,25565.3,25259.9,25549,25458.06667,428891818,354320044.3,1.21,25096.26617,24966.30482,24588.7434,24223.58663,23892.32126,24864.86722,,66.32588227,57.32900639,24.2,0.1,280.05,305.4,91.7,STRONG,5.34,NONE,2.96,NONE,12.3875,-1.60841938,199.5527119,25468.50271,25069.39729,OUT,,,,,,
27-06-2025,25576.65,25654.2,25523.55,25637.8,25605.18333,563957748,339823382.9,1.66,25194.72686,25030.25674,24629.88287,24251.59086,23909.68921,25098.42877,,67.72445639,57.75176735,27.65,0.11,61.15,130.65,46.8,MODERATE,12.55,MILD,40.64,STRONG DEFEND,12.785,3.208879919,206.6723043,25783.3223,25369.9777,INSIDE,,,,,,
30-06-2025,25661.65,25669.35,25473.3,25517.05,25553.23333,270981274,337817401.2,0.8,25253.33107,25076.61801,24664.67374,24276.64945,23925.68285,25100.54802,,63.84159534,57.89581117,23.85,0.09,-144.6,196.05,73.76,STRONG,3.93,NONE,22.32,MODERATE,12.5275,-2.014078999,202.6293523,25864.27935,25459.02065,INSIDE,,,,,,
01-07-2025,25551.35,25593.4,25501.8,25541.8,25545.66667,260669106,333386409.6,0.78,25305.77997,25120.92105,24699.07085,24301.70194,23941.76362,25134.33842,,64.29347897,58.02094036,34.3,0.13,-9.55,91.6,10.43,INDECISION,45.91,STRONG REJECT,43.67,STRONG DEFEND,12.445,-0.658551187,200.6993466,25752.04935,25350.65065,INSIDE,,,,,,
02-07-2025,25588.3,25608.1,25378.75,25453.4,25480.08333,309828013,334834681.5,0.93,25332.61997,25152.58571,24728.65238,24324.50784,23956.80478,25134.33842,,61.34460984,58.47646088,46.5,0.18,-134.9,229.35,58.82,MODERATE,8.63,NONE,32.55,MODERATE,12.385,-0.482121334,199.8464515,25788.14645,25388.45355,INSIDE,,,,,,
03-07-2025,25505.1,25587.5,25384.35,25405.3,25459.05,293428797,330085822.5,0.89,25345.83452,25176.65374,24755.18758,24345.90967,23971.21766,25134.33842,,59.73905762,59.13274507,51.7,0.2,-99.8,203.15,49.13,MODERATE,40.56,STRONG REJECT,10.31,MILD,12.315,-0.565199839,198.5570652,25703.65707,25306.54293,INSIDE,,,,,,
04-07-2025,25428.85,25470.25,25331.65,25461,25420.96667,193511595,322982349.4,0.6,25366.7737,25203.73434,24782.8665,24367.99066,23986.04137,25134.33842,,61.01161699,59.51204075,23.55,0.09,32.15,138.6,23.2,WEAK,6.67,NONE,70.13,STRONG DEFEND,12.56,1.989443768,201.5792943,25630.42929,25227.27071,INSIDE,,,,,,
07-07-2025,25450.45,25489.8,25407.25,25461.3,25452.78333,196051345,318823917.2,0.61,25383.9603,25228.2644,24809.47174,24389.64035,24000.72056,25134.33842,,61.01876361,60.06617001,-10.55,-0.04,10.85,82.55,13.14,INDECISION,34.52,MODERATE,52.33,STRONG DEFEND,12.195,-2.906050955,195.8715255,25646.32153,25254.57847,INSIDE,,,,,,
08-07-2025,25427.85,25548.05,25424.15,25522.5,25498.23333,210410530,313978270.1,0.67,25409.14934,25256.28684,24837.43363,24412.07322,24015.86264,25160.04302,,62.52776517,60.80617597,-33.45,-0.13,94.65,123.9,76.39,STRONG,20.62,MODERATE,2.99,NONE,11.94,-2.09102091,192.2140624,25620.06406,25235.63594,INSIDE,,,,,,
09-07-2025,25514.6,25548.7,25424.35,25476.1,25483.05,239081546,310870083.8,0.77,25421.32218,25277.22143,24862.47937,24433.14305,24030.39237,25175.93942,,60.61199289,61.4464191,-7.9,-0.03,-38.5,124.35,30.96,WEAK,27.42,MODERATE,41.62,STRONG DEFEND,11.6725,-2.240368509,187.9125399,25702.51254,25326.68746,INSIDE,,,,,,
10-07-2025,25511.65,25524.05,25340.45,25355.25,25406.58333,219609322,305435012.5,0.72,25409.30906,25284.65272,24881.80371,24451.4026,24043.57503,25175.93942,,55.81534386,61.21247448,35.55,0.14,-156.4,183.6,85.19,STRONG,6.75,NONE,8.06,NONE,11.8175,1.242236025,190.0633024,25701.7133,25321.5867,INSIDE,,,,,,
11-07-2025,25255.5,25322.45,25129,25149.85,25200.43333,249987681,301540637.4,0.83,25362.13469,25271.81436,24892.31533,24465.23324,24054.58274,,25573.75177,48.75342139,60.76115048,-99.75,-0.39,-105.65,193.45,54.61,MODERATE,34.61,MODERATE,10.78,MILD,11.98,1.375079331,191.1549786,25446.65498,25064.34502,INSIDE,,,,,,
14-07-2025,25149.5,25151.1,25001.95,25082.3,25078.45,259533624,299226666.3,0.87,25311.25565,25253.76538,24899.76571,24477.45238,24064.80878,,25414.60642,46.66245745,60.04368493,-0.35,0,-67.2,149.15,45.06,MODERATE,1.07,NONE,53.87,STRONG DEFEND,11.48,-4.173622705,181.9373837,25331.43738,24967.56262,INSIDE,,,,,,
15-07-2025,25089.5,25245.2,25088.45,25195.8,25176.48333,241340130,299172885.8,0.81,25290.26372,25248.24487,24911.37489,24491.67709,24076.06243,,25414.60642,50.50368064,59.2981516,7.2,0.03,106.3,156.75,67.81,STRONG,31.52,MODERATE,0.67,NONE,11.24,-2.090592334,178.8002823,25268.30028,24910.69972,INSIDE,,,,,,
16-07-2025,25196.6,25255.3,25121.05,25212.05,25196.13333,228815928,298733731.6,0.77,25276.04304,25244.79774,24923.16607,24505.9419,24087.36579,,25414.60642,51.04725106,58.2068208,0.8,0,15.45,134.25,11.51,INDECISION,32.22,MODERATE,56.28,STRONG DEFEND,11.2425,0.022241993,178.9116007,25375.5116,25017.6884,INSIDE,,,,,,
17-07-2025,25230.75,25238.35,25101,25111.45,25150.26667,243412540,297173361.9,0.82,25246.11703,25232.09795,24930.54976,24517.93216,24097.55568,,25414.60642,47.56470392,56.76683848,18.7,0.07,-119.3,137.35,86.86,STRONG,5.53,NONE,7.61,NONE,11.3925,1.334222815,181.1770021,25411.927,25049.573,INSIDE,,,,,,
18-07-2025,25108.55,25144.6,24918.65,24968.4,25010.55,316979826,284289651.4,1.11,25195.62303,25206.98386,24932.03408,24526.85231,24106.2208,,25372.16507,43.06556543,55.28283635,-2.9,-0.01,-140.15,225.95,62.03,STRONG,15.95,MILD,22.02,MODERATE,11.2025,-1.66776388,177.4936241,25286.04362,24931.05638,INSIDE,,,,,,
21-07-2025,24999,25111.4,24882.3,25090.7,25028.13333,305216414,287123764.5,1.06,25176.54611,25195.90921,24938.25627,24538.01761,24116.01661,,25360.92206,47.6267473,54.09235551,30.6,0.12,91.7,229.1,40.03,MODERATE,9.04,NONE,50.94,STRONG DEFEND,10.7525,-4.0169605,170.1388333,25169.13883,24828.86117,INSIDE,,,,,,
22-07-2025,25166.65,25182,25035.55,25060.9,25092.81667,483725116,288800746.9,1.67,25155.51955,25183.05119,24943.06583,24548.37172,24125.41843,,25360.92206,46.64614562,53.04246521,75.95,0.3,-105.75,146.45,72.21,STRONG,10.48,MILD,17.31,MILD,10.515,-2.208788654,166.8486011,25333.4986,24999.8014,INSIDE,,,,,,
23-07-2025,25139.35,25233.5,25085.5,25219.9,25179.63333,271539651,289348600.2,0.94,25167.22508,25186.5606,24953.92207,24561.66931,24136.3088,,25360.92206,52.29047496,52.51042359,78.45,0.31,80.55,148,54.43,MODERATE,9.19,NONE,36.39,MODERATE,10.7225,1.973371374,170.4891013,25309.8391,24968.8609,INSIDE,,,,,,
24-07-2025,25243.3,25246.25,25018.7,25062.1,25109.01667,338728860,284840452.3,1.19,25148.11143,25174.70721,24958.16435,24571.57883,24145.52065,,25360.92206,46.97867327,51.50807047,23.4,0.09,-181.2,227.55,79.63,STRONG,1.3,NONE,19.07,MILD,11.275,5.152716251,179.3645046,25422.6645,25063.9355,OUT,,,,,,
25-07-2025,25010.35,25010.35,24806.35,24837,24884.56667,278136104,270549370.1,1.03,25091.54572,25142.54462,24953.4128,24576.83469,24152.40104,,25306.76847,40.63712351,50.05223903,-51.75,-0.21,-173.35,204,84.98,STRONG,0,NONE,15.02,MILD,12.0625,6.984478936,190.0991474,25200.44915,24820.25085,INSIDE,,,,,,
28-07-2025,24782.45,24889.2,24646.6,24680.9,24738.9,262142969,270107454.9,0.97,25016.88286,25098.57846,24942.72603,24578.89539,24157.65974,,25183.67478,36.91563181,48.22280094,-54.55,-0.22,-101.55,242.6,41.86,MODERATE,44,STRONG REJECT,14.14,MILD,11.525,-4.455958549,180.7486011,24963.1986,24601.7014,INSIDE,,,,,,
29-07-2025,24609.65,24847.15,24598.6,24821.1,24755.61667,284657235,271306861.3,1.05,24981.28598,25072.15194,24937.95638,24583.69152,24164.26113,,25154.91482,42.048809,46.89685923,-71.25,-0.29,211.45,248.55,85.07,STRONG,10.48,MILD,4.45,NONE,11.205,-2.776572668,175.4330912,24785.08309,24434.21691,OUT,,,,,,
30-07-2025,24890.4,24902.3,24771.95,24855.05,24843.1,243886726,268009797,0.91,24958.33398,25051.47557,24934.70515,24589.06496,24171.13466,,25154.91482,43.25296871,45.99954672,69.3,0.28,-35.35,130.35,27.12,WEAK,9.13,NONE,63.75,STRONG DEFEND,11.5425,3.012048193,181.1183351,25071.51834,24709.28166,INSIDE,,,,,,
31-07-2025,24642.25,24956.5,24635,24768.35,24786.61667,346303628,270653538.5,1.28,24923.79144,25024.51123,24928.18142,24592.61516,24177.0771,,25154.91482,40.91484931,45.43964871,-212.8,-0.86,126.1,321.5,39.22,WEAK,58.52,STRONG REJECT,2.26,NONE,11.975,3.747021876,188.3138548,24830.56385,24453.93615,INSIDE,,,,,,
01-08-2025,24734.9,24784.15,24535.05,24565.35,24628.18333,263357194,274145818.5,0.96,24858.62027,24980.78159,24913.95273,24592.07525,24180.94051,,25116.69399,36.00691938,44.67853885,-33.45,-0.14,-169.55,249.1,68.07,STRONG,19.77,MILD,12.16,MILD,11.9675,-0.06263048,186.8962288,24921.79623,24548.00377,INSIDE,,,,,,
04-08-2025,24596.05,24736.25,24554,24722.75,24671,259329477,277309725.1,0.94,24833.91658,24956.20715,24906.45459,24594.66287,24186.33165,,25083.70019,41.83313348,44.05921405,30.7,0.12,126.7,182.25,69.52,STRONG,7.41,NONE,23.07,MODERATE,11.7125,-2.130770838,182.5603832,24778.61038,24413.48962,INSIDE,,,,,,
05-08-2025,24720.25,24733.1,24590.3,24649.55,24657.65,251849778,279381687.5,0.9,24800.39539,24927.00171,24896.3799,24595.74975,24190.94079,,25069.68015,40.00881705,43.27075448,-2.5,-0.01,-70.7,142.8,49.51,MODERATE,9,NONE,41.49,STRONG DEFEND,11.96,2.113127001,186.3943768,24906.64438,24533.85562,INSIDE,,,,,,
06-08-2025,24641.35,24671.4,24539.2,24574.2,24594.93333,225091071,278682163.7,0.81,24759.26895,24893.40154,24883.74539,24595.32302,24194.75431,,24984.56412,38.1638492,42.59926486,-8.2,-0.03,-67.15,132.2,50.79,MODERATE,22.73,MODERATE,26.48,MODERATE,11.6875,-2.278428094,181.6931238,24823.04312,24459.65688,INSIDE,,,,,,
07-08-2025,24464.2,24634.2,24344.15,24596.15,24524.83333,617246304,298564012.8,2.07,24729.61096,24865.09187,24872.46714,24595.33939,24198.7483,,24908.6063,39.04565652,42.31212851,-110,-0.45,131.95,290.05,45.49,MODERATE,13.12,MILD,41.39,STRONG DEFEND,12.0325,2.951871658,186.7744244,24650.97442,24277.42558,INSIDE,,,,,,
08-08-2025,24544.25,24585.5,24337.5,24363.3,24428.76667,312630157,301696136.6,1.04,24663.00897,24817.30217,24852.4998,24590.74455,24200.38563,,24900.50504,33.57571238,41.30848316,-51.9,-0.21,-180.95,248,72.96,STRONG,16.63,MILD,10.4,MILD,12.2175,1.537502597,189.2711697,24733.52117,24354.97883,INSIDE,,,,,,
11-08-2025,24371.5,24600.85,24347.45,24585.05,24511.11667,241145497,300776730.3,0.8,24648.83461,24795.18292,24842.01157,24590.63179,24204.21313,,24900.50504,41.92032884,40.97092482,8.2,0.03,213.55,253.4,84.27,STRONG,6.24,NONE,9.49,NONE,12.2325,0.122774708,189.6218637,24561.12186,24181.87814,OUT,,,,,,
12-08-2025,24563.35,24702.6,24465.65,24487.4,24551.88333,237002462,300559846.9,0.79,24619.48286,24765.87026,24828.10524,24588.5876,24207.03091,,24900.50504,39.563298,40.06184075,-21.7,-0.09,-75.95,236.95,32.05,WEAK,58.77,STRONG REJECT,9.18,NONE,12.14,-0.756182301,188.9663289,24752.31633,24374.38367,INSIDE,,,,,,
13-08-2025,24586.2,24664.55,24535.25,24619.35,24606.38333,236006791,300919390,0.78,24619.45871,24751.91595,24819.91876,24589.19675,24211.13359,,24900.50504,44.13426349,39.85866862,98.8,0.4,33.15,129.3,25.64,WEAK,34.96,MODERATE,39.4,MODERATE,12.355,1.771004942,192.0167078,24778.21671,24394.18329,INSIDE,,,,,,
14-08-2025,24607.25,24673.65,24596.9,24631.3,24633.95,270162203,302256873.2,0.89,24621.61167,24740.42871,24812.52194,24590.03048,24215.31435,,24900.50504,44.54333958,40.13768405,-12.1,-0.05,24.05,76.75,31.34,WEAK,55.18,STRONG REJECT,13.49,MILD,12.34,-0.121408337,191.8543422,24799.10434,24415.39566,INSIDE,,,,,,
18-08-2025,24938.2,25022,24852.85,24876.95,24917.26667,363071305,304561447.1,1.19,24668.03682,24753.43074,24815.04853,24595.71206,24221.89779,,24900.50504,52.27906513,41.23507215,306.9,1.25,-61.25,169.15,36.21,WEAK,49.54,STRONG REJECT,14.25,MILD,11.79,-4.457050243,185.8912287,25124.09123,24752.30877,INSIDE,,,,,,
19-08-2025,24891.35,25012.65,24873.95,24980.65,24955.75,252340828,301917667.8,0.84,24724.87558,24775.07067,24821.54271,24603.33459,24229.44756,24519.74961,,55.12483681,42.16907414,14.4,0.06,89.3,138.7,64.38,STRONG,23.07,MODERATE,12.55,MILD,11.785,-0.042408821,185.7429617,25077.09296,24705.60704,INSIDE,,,,,,
20-08-2025,24965.8,25088.7,24929.7,25050.55,25022.98333,287054119,292084118,0.98,24784.08911,24801.3068,24830.52339,24612.19034,24237.61774,24606.75969,,56.98682003,43.15006352,-14.85,-0.06,84.75,159,53.3,MODERATE,23.99,MODERATE,22.7,MODERATE,11.3725,-3.500212134,179.7865411,25145.58654,24786.01346,INSIDE,,,,,,
21-08-2025,25142,25153.65,25054.9,25083.75,25097.43333,226542052,289834238,0.78,24838.57291,24828.20615,24840.45384,24621.52816,24246.03696,24741.08275,,57.88073478,44.36191248,91.45,0.37,-58.25,98.75,58.99,MODERATE,11.8,MILD,29.22,MODERATE,11.7275,3.121565179,185.8786581,25327.87866,24956.12134,INSIDE,,,,,,
22-08-2025,25064.15,25084.85,24859.15,24870.1,24938.03333,210165384,283406064.2,0.74,24844.30511,24832.19604,24841.61644,24626.45037,24252.24655,24741.08275,,50.59385187,45.40383623,-19.6,-0.08,-194.05,225.7,85.98,STRONG,9.17,NONE,4.85,NONE,11.7575,0.255808996,185.8444385,25249.99444,24878.30556,OUT,,,,,,
25-08-2025,24949.15,25021.55,24894.35,24967.75,24961.21667,221791155,280588816.8,0.79,24866.74963,24845.10594,24846.56285,24633.20878,24259.36598,24741.08275,,53.47676587,46.23552426,79.05,0.32,18.6,127.2,14.62,INDECISION,42.3,STRONG REJECT,43.08,STRONG DEFEND,12.1925,3.699766107,192.2339309,25141.38393,24756.91607,INSIDE,,,,,,
26-08-2025,24899.5,24919.65,24689.6,24712.05,24773.76667,750473923,305005364.5,2.46,24838.62243,24832.43395,24841.28784,24634.76999,24263.8703,,25208.08263,45.92060111,46.65779455,-68.25,-0.27,-187.45,230.05,81.48,STRONG,8.76,NONE,9.76,NONE,12.1775,-0.123026451,191.2155248,25090.71552,24708.28448,INSIDE,,,,,,
28-08-2025,24695.8,24702.65,24481.6,24500.9,24561.71667,326601486,307102577,1.06,24777.21835,24800.85929,24827.9393,24632.1191,24266.22881,,25007.07111,40.79454434,46.84570134,-16.25,-0.07,-194.9,221.05,88.17,STRONG,3.1,NONE,8.73,NONE,11.7525,-3.490043112,182.935031,24878.73503,24512.86497,OUT,,,,,,
29-08-2025,24466.7,24572.45,24404.7,24426.85,24468,325543583,311185419.9,1.05,24713.51501,24765.23935,24812.2103,24628.05437,24267.82703,,24887.63188,39.14424608,46.85274345,-34.2,-0.14,-39.85,167.75,23.76,WEAK,63.04,STRONG REJECT,13.2,MILD,11.2925,-3.914060838,174.8483879,24641.54839,24291.85161,INSIDE,,,,,,
01-09-2025,24432.7,24635.6,24432.7,24625.05,24564.45,229327424,305336609.7,0.75,24697.43047,24751.88799,24804.87068,24627.99487,24271.38149,,24887.63188,45.49938473,47.70443433,5.85,0.02,192.35,202.9,94.8,STRONG,5.2,NONE,0,NONE,11.4,0.951959265,176.9665028,24609.6665,24255.7335,OUT,,,,,,
02-09-2025,24653,24756.1,24522.35,24579.6,24619.35,271558516,305746675.8,0.89,24676.00674,24735.47961,24796.03654,24627.03656,24274.44834,,24887.63188,44.35549096,47.87837449,27.95,0.11,-73.4,233.75,31.4,WEAK,44.11,STRONG REJECT,24.49,MODERATE,10.93,-4.122807018,170.5004241,24823.50042,24482.49958,INSIDE,,,,,,
03-09-2025,24616.5,24737.05,24533.2,24715.05,24661.76667,340283328,309794368.3,1.1,24683.10552,24733.53393,24792.8606,24628.7794,24278.83243,,24887.63188,48.51011649,48.51743295,36.9,0.15,98.55,203.85,48.34,MODERATE,10.79,MILD,40.86,STRONG DEFEND,10.8525,-0.70905764,169.1612068,24785.66121,24447.33879,INSIDE,,,,,,
04-09-2025,24980.75,24980.75,24708.2,24734.3,24807.75,314094160,312906587.4,1,24692.41361,24733.60689,24790.5641,24630.86892,24283.36445,,24887.63188,49.0918622,48.87154714,265.7,1.08,-246.45,272.55,90.42,STRONG,0,NONE,9.58,NONE,10.78,-0.668048837,169.686506,25150.43651,24811.06349,OUT,,,,,,
05-09-2025,24818.85,24832.35,24621.6,24741,24731.65,210071924,312155630.1,0.67,24701.2475,24734.31099,24788.62041,24633.04973,24287.91804,,24887.63188,49.30654238,49.21177591,84.55,0.34,-77.85,210.75,36.94,WEAK,6.41,NONE,56.65,STRONG DEFEND,10.8375,0.533395176,169.5781935,24988.42819,24649.27181,INSIDE,,,,,,
08-09-2025,24802.6,24885.5,24751.55,24773.15,24803.4,213228202,291954725,0.73,24714.32068,24738.00995,24788.01373,24635.82399,24292.74621,,24887.63188,50.38769011,49.0766777,61.6,0.25,-29.45,133.95,21.99,WEAK,61.89,STRONG REJECT,16.13,MILD,10.685,-1.407151096,167.549822,24970.14982,24635.05018,INSIDE,,,,,,
09-09-2025,24864.1,24891.8,24814,24868.6,24858.13333,226919775,287669205.9,0.79,24742.37146,24750.4471,24791.17398,24640.43342,24298.4761,,24887.63188,53.55473494,48.96452756,90.95,0.37,4.5,77.8,5.78,INDECISION,29.82,MODERATE,64.4,STRONG DEFEND,10.5375,-1.380439869,165.2787287,25029.37873,24698.82127,INSIDE,,,,,,
10-09-2025,24991,25035.7,24915.05,24973.1,24974.61667,244146466,287819254.3,0.85,24784.32211,24771.65213,24798.30833,24647.02088,24305.18878,24610.06746,,56.80572745,48.95159238,122.4,0.49,-17.9,120.65,14.84,INDECISION,37.05,MODERATE,48.11,STRONG DEFEND,10.36,-1.684460261,163.4340592,25154.43406,24827.56594,INSIDE,,,,,,
11-09-2025,24945.5,25037.3,24940.15,25005.5,24994.31667,224570983,287197680.4,0.78,24824.53627,24793.92336,24806.43349,24654.11947,24312.15705,24657.61897,,57.79219032,48.94526778,-27.6,-0.11,60,97.15,61.76,STRONG,32.73,MODERATE,5.51,NONE,10.1225,-2.292471042,159.6975862,25105.19759,24785.80241,INSIDE,,,,,,
12-09-2025,25074.45,25139.45,25038.05,25114,25097.16667,225739766,286684329.1,0.79,24877.16604,24824.40685,24818.49492,24663.22602,24320.13559,24770.28518,,61.0039607,49.68884698,68.95,0.28,39.55,101.4,39,WEAK,25.1,MODERATE,35.9,MODERATE,10.3975,2.716720178,164.7053758,25239.15538,24909.74462,INSIDE,,,,,,
15-09-2025,25118.9,25138.45,25048.75,25069.2,25085.46667,185375759,282445006.9,0.66,24912.0813,24847.72048,24828.3265,24671.26511,24327.58896,24802.94814,,59.00736179,50.08388954,4.9,0.02,-49.7,89.7,55.41,MODERATE,21.79,MODERATE,22.8,MODERATE,10.2725,-1.20221207,162.718795,25281.61879,24956.18121,INSIDE,,,,,,
16-09-2025,25073.6,25261.4,25070.45,25239.1,25190.31667,240122320,276297557.7,0.87,24971.53925,24884.99472,24844.43526,24682.50936,24336.65872,24856.52351,,63.8407557,51.36390059,4.4,0.02,165.5,190.95,86.67,STRONG,11.68,MILD,1.65,NONE,10.2475,-0.243368216,163.116696,25236.7167,24910.4833,OUT,,,,,,
17-09-2025,25276.6,25346.5,25275.35,25330.25,25317.36667,268936695,277127351,0.97,25036.75939,24927.39999,24863.48682,24695.33591,24346.54521,25020.44381,,66.14693114,53.17478536,37.5,0.15,53.65,71.15,75.4,STRONG,22.84,MODERATE,1.76,NONE,9.885,-3.537448158,157.8765926,25434.47659,25118.72341,INSIDE,,,,,,
18-09-2025,25441.05,25448.95,25329.75,25423.6,25400.76667,272193683,276384329.2,0.98,25107.09404,24974.65713,24885.45204,24709.75698,24357.26217,25109.28505,,68.37173007,55.26246279,110.8,0.44,-17.45,119.2,14.64,INDECISION,6.63,NONE,78.73,STRONG DEFEND,9.9675,0.834597876,159.8376869,25600.88769,25281.21231,INSIDE,,,,,,
19-09-2025,25410.2,25428.75,25286.3,25327.05,25347.36667,380362832,284075368.2,1.34,25147.08603,25008.21836,24902.76961,24721.9806,24366.9118,25109.28505,,63.70824088,56.56309537,-13.4,-0.05,-83.15,142.45,58.37,MODERATE,13.02,MILD,28.61,MODERATE,10.5575,5.919237522,169.164479,25579.36448,25241.03552,INSIDE,,,,,,
22-09-2025,25238.1,25331.7,25151.05,25202.35,25228.36667,254509892,286292593.6,0.89,25157.13403,25026.70708,24914.51786,24731.49287,24375.22462,25109.28505,,58.18789939,57.55112454,-88.95,-0.35,-35.75,180.65,19.79,INDECISION,51.81,STRONG REJECT,28.4,MODERATE,10.625,0.639355908,169.5962902,25407.69629,25068.50371,INSIDE,,,,,,
23-09-2025,25209,25261.9,25084.65,25169.5,25172.01667,299204338,290163252.8,1.03,25159.38239,25040.30641,24924.51716,24740.16628,24383.12785,25109.28505,,56.79182124,58.14267488,6.65,0.03,-39.5,177.25,22.28,WEAK,29.84,MODERATE,47.87,STRONG DEFEND,10.5225,-0.964705882,167.4973804,25376.49738,25041.50262,INSIDE,,,,,,
24-09-2025,25108.75,25149.85,25027.45,25056.9,25078.06667,244382281,264858670.7,0.92,25140.74923,25041.88675,24929.70864,24746.43823,24389.83205,,25392.32476,52.17124685,58.36263093,-60.75,-0.24,-51.85,122.4,42.36,MODERATE,33.58,MODERATE,24.06,MODERATE,10.7825,2.4708957,170.8747685,25279.62477,24937.87523,INSIDE,,,,,,
25-09-2025,25034.5,25092.7,24878.3,24890.85,24953.95,342534768,265655334.8,1.29,25095.313,25027.5023,24928.18477,24749.29787,24394.81731,,25314.19981,46.20155472,58.14084609,-22.4,-0.09,-143.65,214.4,67,STRONG,27.15,MODERATE,5.85,NONE,11.425,5.958729423,180.645304,25215.1453,24853.8547,INSIDE,,,,,,
26-09-2025,24818.55,24868.6,24629.45,24654.7,24717.58333,291537949,263955053.1,1.1,25015.20155,24991.99732,24917.45988,24747.42465,24397.4032,,25116.54485,39.31215582,57.3497365,-72.3,-0.29,-163.85,239.15,68.51,STRONG,20.93,MODERATE,10.56,MILD,11.365,-0.525164114,178.09177,24996.64177,24640.45823,INSIDE,,,,,,
29-09-2025,24728.55,24791.3,24606.2,24634.9,24677.46667,394388242,272208094,1.45,24946.05581,24957.98805,24906.3791,24745.19644,24399.76636,,25066.80588,38.78987385,56.29510356,73.85,0.3,-93.65,185.1,50.59,MODERATE,33.9,MODERATE,15.51,MILD,11.065,-2.639683238,172.8517546,24901.40175,24555.69825,INSIDE,,,,,,
30-09-2025,24691.95,24731.8,24587.7,24611.1,24643.53333,304924720,273876404.2,1.11,24885.15476,24924.95109,24894.79953,24742.54106,24401.86918,,25011.8347,38.13404948,54.96141228,57.05,0.23,-80.85,144.1,56.11,MODERATE,27.65,MODERATE,16.24,MILD,10.2875,-7.026660642,160.3203481,24852.27035,24531.62965,INSIDE,,,,,,
01-10-2025,24620.55,24867.95,24605.95,24836.3,24770.06667,308135228,272268999.2,1.13,24876.27207,24916.50813,24892.50543,24744.39767,24406.19187,,25011.8347,47.2261472,54.20669492,9.45,0.04,215.75,262,82.35,STRONG,12.08,MILD,5.57,NONE,10.06,-2.211421628,157.6380447,24778.18804,24462.91196,OUT,,,,,,
03-10-2025,24759.55,24904.8,24747.55,24894.25,24848.86667,366929642,274910773.3,1.33,24879.54079,24914.38831,24892.57384,24747.36505,24411.04817,,25011.8347,49.29135678,53.37008035,-76.75,-0.31,134.7,157.25,85.66,STRONG,6.71,NONE,7.63,NONE,10.1925,1.317097416,159.9509603,24919.50096,24599.59904,INSIDE,,,,,,
06-10-2025,24916.55,25095.95,24881.65,25077.65,25018.41667,271953070,278004830.6,0.98,24915.56064,24929.93704,24899.83173,24753.90534,24417.68103,24605.42063,,55.25874228,53.10232181,22.3,0.09,161.1,214.3,75.17,STRONG,8.54,NONE,16.29,MILD,10.05,-1.398086829,158.9252032,25075.4752,24757.6248,OUT,,,,,,
07-10-2025,25085.3,25220.9,25076.3,25108.3,25135.16667,286833765,281685108.7,1.02,24950.60416,24946.92399,24908.00696,24760.92306,24424.55286,24784.05651,,56.18669102,52.55560291,7.65,0.03,23,144.6,15.91,INDECISION,77.87,STRONG REJECT,6.22,NONE,10.3125,2.611940299,163.8881734,25249.18817,24921.41183,INSIDE,,,,,,
08-10-2025,25079.75,25192.5,25008.5,25046.15,25082.38333,225967495,281637494.7,0.8,24967.97613,24956.37409,24913.42433,24766.57112,24430.7379,24784.05651,,53.75220426,51.67026527,-28.55,-0.11,-33.6,184,18.26,INDECISION,61.28,STRONG REJECT,20.46,MODERATE,10.12,-1.866666667,160.6478261,25240.39783,24919.10217,INSIDE,,,,,,
09-10-2025,25074.3,25199.25,25024.3,25181.8,25135.11667,286253252,283742834,1.01,25006.8532,24977.84322,24923.94887,24774.79347,24438.21116,24784.05651,,58.02692811,50.93135085,28.15,0.11,107.5,174.95,61.45,STRONG,9.97,NONE,28.58,MODERATE,10.1025,-0.172924901,160.412995,25234.713,24913.887,INSIDE,,,,,,
10-10-2025,25167.65,25330.75,25156.85,25285.35,25257.65,232943306,284161450.2,0.82,25057.48898,25007.12958,24938.12146,24784.9035,24446.6404,24884.50573,,60.99105137,50.73726588,-14.15,-0.06,117.7,173.9,67.68,STRONG,26.11,MODERATE,6.21,NONE,11.0075,8.958178669,175.6951674,25343.34517,24991.95483,INSIDE,,,,,,
13-10-2025,25177.3,25267.3,25152.3,25227.35,25215.65,256135569,285681240.3,0.9,25088.3728,25028.10295,24949.46376,24793.66482,24454.40866,24884.50573,,58.49911266,50.7594954,-108.05,-0.43,50.05,115,43.52,MODERATE,34.74,MODERATE,21.74,MODERATE,11.155,1.339995458,177.6034855,25354.90349,24999.69651,INSIDE,,,,,,
14-10-2025,25277.55,25310.35,25060.55,25145.5,25172.13333,292129083,291018906.5,1,25098.75957,25039.28363,24957.15145,24800.63185,24461.28519,24884.50573,,55.0790575,50.63715514,50.2,0.2,-132.05,249.8,52.86,MODERATE,13.13,MILD,34.01,MODERATE,10.53,-5.602868669,167.9382391,25445.48824,25109.61176,INSIDE,,,,,,
15-10-2025,25181.95,25365.15,25159.35,25323.55,25282.68333,289930172,293509299.1,0.99,25139.63055,25066.35661,24971.52002,24810.98667,24469.86494,24884.50573,,60.49028405,51.23137208,36.45,0.14,141.6,205.8,68.8,STRONG,20.21,MODERATE,10.98,MILD,10.865,3.181386515,173.6561782,25355.60618,25008.29382,INSIDE,,,,,,
16-10-2025,25394.9,25625.4,25376.85,25585.3,25529.18333,372777021,298701315.4,1.25,25220.66136,25115.77979,24995.58983,24826.3196,24480.96379,25071.73263,,66.81838958,52.70400314,71.35,0.28,190.4,248.55,76.6,STRONG,16.13,MILD,7.26,NONE,11.625,6.994937874,187.7096881,25582.60969,25207.19031,OUT,,,,,,
17-10-2025,25546.85,25781.5,25508.6,25709.85,25666.65,422055809,306194421.7,1.38,25309.60475,25172.35791,25023.60003,24843.81525,24493.19152,25192.3761,,69.33520623,54.84850674,-38.45,-0.15,163,272.9,59.73,MODERATE,26.26,MODERATE,14.02,MILD,11.355,-2.322580645,184.4668762,25731.31688,25362.38312,INSIDE,,,,,,
20-10-2025,25824.6,25926.2,25788.5,25843.15,25852.61667,301133193,302232939.8,1,25406.61298,25236.24287,25055.73924,24863.60406,24506.62394,25408.67088,,71.8004893,57.20640784,114.75,0.45,18.55,137.7,13.47,INDECISION,60.31,STRONG REJECT,26.22,MODERATE,11.2975,-0.506384852,184.562851,26009.16285,25640.03715,INSIDE,,,,,,
21-10-2025,25901.2,25934.35,25825.8,25868.6,25876.25,42477128,291631301.6,0.15,25490.61062,25296.46736,25087.61614,24883.50497,24520.17594,25477.71171,,72.25904331,59.6439074,58.05,0.22,-32.6,108.55,30.03,WEAK,30.54,MODERATE,39.43,MODERATE,11.7325,3.850409383,191.7295283,26092.92953,25709.47047,INSIDE,,,,,,
23-10-2025,26057.2,26104.2,25862.45,25891.4,25952.68333,448404894,299091329.4,1.5,25563.48142,25353.12761,25119.13707,24903.46329,24533.81996,25564.73436,,72.68753419,61.4625779,188.6,0.73,-165.8,241.75,68.58,STRONG,19.44,MILD,11.98,MILD,11.59,-1.214574899,190.641259,26247.84126,25866.55874,INSIDE,,,,,,
24-10-2025,25935.1,25944.15,25718.2,25795.15,25819.16667,284913477,301117889.2,0.95,25605.60298,25395.22498,25145.64738,24921.12045,24546.37051,25564.73436,,67.91820889,62.79306734,43.7,0.17,-139.95,225.95,61.94,STRONG,4.01,NONE,34.06,MODERATE,11.8575,2.308024159,193.8454686,26128.94547,25741.25453,INSIDE,,,,,,
27-10-2025,25843.2,26005.95,25827,25966.05,25933,266337274,297308014.5,0.9,25671.1388,25449.58927,25177.82004,24941.81213,24560.49667,25564.73436,,71.49463768,63.95277415,48.05,0.19,122.85,178.95,68.65,STRONG,22.3,MODERATE,9.05,NONE,11.9525,0.801180687,195.8639681,26039.06397,25647.33603,INSIDE,,,,,,
28-10-2025,25939.95,26041.7,25810.05,25936.2,25929.31667,395231207,302492677.4,1.31,25719.33174,25495.93315,25207.56043,24961.50297,24574.18526,25564.73436,,70.02625639,64.94131454,-26.1,-0.1,-3.75,231.65,1.62,INDECISION,43.92,STRONG REJECT,54.46,STRONG DEFEND,11.9725,0.167329011,196.4614072,26136.41141,25743.48859,INSIDE,,,,,,
29-10-2025,25982,26097.85,25960.3,26053.9,26037.35,321880610,298867295.8,1.08,25780.16234,25549.07285,25240.75021,24983.1346,24588.90879,25618.59292,,72.43066601,66.27549038,45.8,0.18,71.9,137.55,52.27,MODERATE,31.95,MODERATE,15.78,MILD,12.0675,0.79348507,198.4472621,26180.44726,25783.55274,INSIDE,,,,,,
30-10-2025,25984.4,26032.05,25845.25,25877.85,25918.38333,257373001,296489709.8,0.87,25797.92373,25580.38496,25265.73452,25000.85174,24601.73408,25618.59292,,64.14251419,66.71231795,-69.5,-0.27,-106.55,186.8,57.04,MODERATE,25.51,MODERATE,17.45,MILD,12.1525,0.704371245,199.341202,26183.7412,25785.0588,INSIDE,,,,,,
31-10-2025,25863.8,25953.75,25711.2,25722.1,25795.68333,334384400,297802168.4,1.12,25784.1376,25593.88163,25283.6312,25015.13388,24612.882,25618.59292,,57.83703693,66.48703121,-14.05,-0.05,-141.7,242.55,58.42,MODERATE,37.09,MODERATE,4.49,NONE,12.665,4.217239251,207.1230269,26070.92303,25656.67697,INSIDE,,,,,,
03-11-2025,25696.85,25803.1,25645.5,25763.35,25737.31667,275858501,293248611.4,0.94,25780.35803,25610.02147,25302.44371,25029.95004,24624.32944,25618.59292,,58.98697479,66.5218785,-25.25,-0.1,66.5,157.6,42.2,MODERATE,25.22,MODERATE,32.58,MODERATE,12.6525,-0.098697197,205.7175317,25902.56753,25491.13247,INSIDE,,,,,,
04-11-2025,25744.75,25787.4,25578.4,25597.65,25654.48333,305143084,294908112.1,1.03,25747.13839,25608.84324,25314.02042,25041.19162,24634.01422,,26089.88978,52.76187001,66.35636511,-18.6,-0.07,-147.1,209,70.38,STRONG,20.41,MODERATE,9.21,NONE,12.41,-1.916617269,201.6519433,25946.40194,25543.09806,INSIDE,,,,,,
06-11-2025,25593.35,25679.15,25491.55,25509.7,25560.13333,371852417,299159044.7,1.24,25703.96777,25599.40102,25321.69413,25050.46902,24642.72751,,25985.98183,49.7601496,65.58992694,-4.3,-0.02,-83.65,187.6,44.59,MODERATE,45.74,STRONG REJECT,9.67,NONE,12.5575,1.188557615,203.19214,25796.54214,25390.15786,INSIDE,,,,,,
07-11-2025,25433.8,25551.25,25318.45,25492.3,25454,305606393,303140989.6,1.01,25665.48272,25589.20093,25328.38456,25059.21815,24651.18097,,25848.47546,49.16421683,64.3289146,-75.9,-0.3,58.5,232.8,25.13,WEAK,25.32,MODERATE,49.55,STRONG DEFEND,12.3,-2.05056739,198.0342628,25631.83426,25235.76574,INSIDE,,,,,,
10-11-2025,25503.5,25653.45,25503.5,25574.35,25577.1,243592948,301007974.4,0.81,25648.91314,25587.78655,25338.03026,25069.41878,24660.36673,,25848.47546,52.07867883,63.0963055,11.2,0.04,70.85,149.95,47.25,MODERATE,52.75,STRONG REJECT,0,NONE,12.49,1.544715447,201.8976626,25705.39766,25301.60234,INSIDE,,,,,,
11-11-2025,25617,25715.8,25449.25,25694.95,25620,297714069,304246512.5,0.98,25657.28348,25597.9926,25352.02711,25081.80553,24670.66109,,25848.47546,56.06567857,61.97239044,42.65,0.17,77.95,266.55,29.24,WEAK,7.82,NONE,62.93,STRONG DEFEND,12.11,-3.042433947,196.2308368,25813.23084,25420.76916,INSIDE,,,,,,
12-11-2025,25834.3,25934.55,25781.15,25875.8,25863.83333,343864299,308632949,1.11,25697.01375,25624.45044,25372.56723,25097.5282,24682.65252,25423.68336,,61.26954259,61.18742611,139.35,0.54,41.5,153.4,27.05,WEAK,38.3,MODERATE,34.65,MODERATE,12.1625,0.433526012,198.7580116,26033.05801,25635.54199,INSIDE,,,,,,
13-11-2025,25906.1,26010.7,25808.4,25879.15,25899.41667,385170023,313284996,1.23,25730.12943,25648.70754,25392.43322,25113.00586,24694.55797,25481.29669,,61.36084047,60.37837656,30.3,0.12,-26.95,202.3,13.32,INDECISION,51.71,STRONG REJECT,34.97,MODERATE,11.9375,-1.849948613,195.6538949,26101.75389,25710.44611,INSIDE,,,,,,
14-11-2025,25767.9,25940.2,25740.8,25910.05,25863.68333,518943416,324735658.2,1.6,25762.84226,25673.5973,25412.73192,25128.78891,24706.65242,25481.29669,,62.24490101,59.97314028,-111.25,-0.43,142.15,199.4,71.29,STRONG,15.12,MILD,13.59,MILD,11.7875,-1.256544503,192.6717754,25960.57178,25575.22822,INSIDE,,,,,,
17-11-2025,25948.2,26024.2,25906.35,26013.45,25981.33333,264610565,319327335.4,0.83,25808.40731,25705.96423,25436.28949,25146.30695,24719.65538,25580.24488,,65.12076309,59.51786352,38.15,0.15,65.25,117.85,55.37,MODERATE,9.12,NONE,35.51,MODERATE,12.095,2.608695652,198.3381846,26146.53818,25749.86182,INSIDE,,,,,,
18-11-2025,26021.8,26029.85,25876.5,25910.05,25938.8,280000989,312224594.4,0.9,25826.8878,25725.40097,25454.86833,25161.43057,24731.5001,25583.81091,,60.1838331,58.81483329,8.35,0.03,-111.75,153.35,72.87,STRONG,5.25,NONE,21.88,MODERATE,11.9725,-1.012815213,196.3720095,26218.17201,25825.42799,INSIDE,,,,,,
19-11-2025,25918.1,26074.65,25856.2,26052.65,25994.5,250110008,309673435.2,0.81,25867.93547,25756.56754,25478.31075,25179.07848,24744.64587,25583.81091,,64.21326012,58.22787572,8.05,0.03,134.55,218.45,61.59,STRONG,10.07,MILD,28.34,MODERATE,12.135,1.357277093,199.3798852,26117.47989,25718.72011,INSIDE,,,,,,
20-11-2025,26132.1,26246.65,26063.2,26192.15,26167.33333,240425729,319570865.2,0.75,25926.88357,25798.05158,25506.30445,25199.13931,24759.0489,25771.02798,,67.6611098,58.47920398,79.45,0.3,60.05,183.45,32.73,WEAK,29.71,MODERATE,37.56,MODERATE,13.63,12.3197363,225.4201887,26357.52019,25906.67981,INSIDE,,,,,,
21-11-2025,26109.55,26179.2,26052.2,26068.15,26099.85,235581427,308929691.9,0.76,25952.56837,25823.77524,25528.33761,25216.34744,24772.07478,25771.02798,,61.94784262,58.77283296,-82.6,-0.32,-41.4,127,32.6,WEAK,54.84,STRONG REJECT,12.56,MILD,13.235,-2.898019076,218.3249603,26327.87496,25891.22504,INSIDE,,,,,,
24-11-2025,26122.8,26142.8,25912.15,25959.5,26004.81667,464655063,317916771.2,1.46,25953.82867,25836.70141,25545.24593,25231.06333,24783.88996,25771.02798,,57.37622286,58.65777925,54.65,0.21,-163.3,230.65,70.8,STRONG,8.67,NONE,20.53,MODERATE,12.2425,-7.499055535,201.6718519,26324.47185,25921.12815,INSIDE,,,,,,
25-11-2025,25998.5,26032.6,25857.5,25884.8,25924.96667,260454909,317622652.9,0.82,25941.278,25841.28223,25558.56178,25244.00861,24794.84429,25771.02798,,54.40355266,58.7750423,39,0.15,-113.7,175.1,64.93,STRONG,19.47,MILD,15.59,MILD,11.9675,-2.246273229,196.3107376,26194.81074,25802.18926,INSIDE,,,,,,
26-11-2025,25842.95,26215.15,25842.95,26205.3,26087.8,275265169,311624351,0.88,25989.282,25875.95059,25583.92406,25263.04408,24808.87867,25771.02798,,63.21058797,59.7357879,-41.85,-0.16,362.35,372.2,97.35,STRONG,2.65,NONE,0,NONE,11.785,-1.524963443,194.6726797,26037.62268,25648.27732,OUT,,,,,,
27-11-2025,26261.25,26310.45,26141.9,26215.55,26222.63333,240287057,307544673.4,0.78,26030.42164,25908.29339,25608.69371,25281.90559,24822.8754,25798.8635,,63.45370902,60.75646591,55.95,0.21,-45.7,168.55,27.11,WEAK,29.19,MODERATE,43.7,STRONG DEFEND,11.6175,-1.421298261,192.603436,26453.85344,26068.64656,INSIDE,,,,,,
28-11-2025,26237.45,26280.75,26172.4,26202.95,26218.7,202511545,304801600.6,0.66,26061.79043,25936.35592,25631.99788,25300.14409,24836.60749,25841.3858,,62.90340181,61.52966041,21.9,0.08,-34.5,108.35,31.84,WEAK,39.96,MODERATE,28.2,MODERATE,11.625,0.064557779,192.5102198,26429.96022,26044.93978,INSIDE,,,,,,
01-12-2025,26325.8,26325.8,26124.2,26175.75,26208.58333,213828573,298773809.2,0.72,26082.51035,25959.15536,25653.32149,25317.48282,24849.93229,25841.3858,,61.66021535,61.92927018,122.85,0.47,-150.05,201.6,74.43,STRONG,0,NONE,25.57,MODERATE,11.2275,-3.419354839,186.2463261,26512.04633,26139.55367,INSIDE,,,,,,
02-12-2025,26087.95,26154.6,25997.85,26032.2,26061.55,254803113,297721039.8,0.86,26073.36302,25966.11199,25668.17947,25331.63564,24861.69615,25841.3858,,55.43357217,61.51241515,-87.8,-0.34,-55.75,156.75,35.57,WEAK,42.52,STRONG REJECT,21.91,MODERATE,11.2125,-0.133600534,184.7879348,26272.73793,25903.16207,INSIDE,,,,,,
03-12-2025,26004.9,26066.45,25891,25986,25981.15,265660108,295746891,0.9,26057.47883,25968.00609,25680.64302,25344.59335,24872.88325,25841.3858,,53.55898874,60.95514002,-27.3,-0.1,-18.9,175.45,10.77,INDECISION,35.08,MODERATE,54.15,STRONG DEFEND,10.8175,-3.522853958,177.6772671,26182.57727,25827.22273,INSIDE,,,,,,
04-12-2025,25981.85,26098.25,25938.95,26033.75,26023.65,248099545,289559247.4,0.86,26053.1645,25974.26741,25694.49035,25358.24001,24884.43416,25841.3858,,55.24361286,60.45504801,-4.15,-0.02,51.9,159.3,32.58,WEAK,40.49,STRONG REJECT,26.93,MODERATE,10.315,-4.645250751,169.6304025,26151.4804,25812.2196,INSIDE,,,,,,
05-12-2025,25999.8,26202.6,25985.35,26186.45,26124.8,249254405,286741648,0.87,26077.39823,25994.47528,25713.78289,25374.64021,24897.38954,25841.3858,,60.21391607,60.10455894,-33.95,-0.13,186.65,217.25,85.91,STRONG,7.43,NONE,6.65,NONE,11.125,7.852641784,183.6823724,26183.48237,25816.11763,OUT,,,,,,
08-12-2025,26159.8,26178.7,25892.25,25960.55,26010.5,320729920,290598496.6,1.1,26056.15309,25991.2443,25723.46003,25386.24238,24907.96825,25841.3858,,51.16205784,59.46014642,-26.65,-0.1,-199.25,286.45,69.56,STRONG,6.6,NONE,23.84,MODERATE,10.9525,-1.550561798,180.6693206,26340.46932,25979.13068,OUT,,,,,,
09-12-2025,25867.1,25923.65,25728,25839.65,25830.43333,275978160,289511701.2,0.95,26016.78889,25976.80675,25728.0165,25395.22075,24917.23872,,26255.2124,47.08265522,58.23653179,-93.45,-0.36,-27.45,195.65,14.03,INDECISION,28.9,MODERATE,57.07,STRONG DEFEND,10.9125,-0.365213422,178.2557219,26045.35572,25688.84428,INSIDE,,,,,,
10-12-2025,25864.05,25947.65,25734.55,25758,25813.4,207944446,282715708.5,0.74,25969.73637,25955.96801,25729.19232,25402.4045,24925.6045,,26255.2124,44.50192877,56.58230457,24.4,0.09,-106.05,213.1,49.77,MODERATE,39.23,MODERATE,11,MILD,10.4,-4.696449026,170.0413106,26034.09131,25694.00869,INSIDE,,,,,,
11-12-2025,25771.4,25922.8,25693.25,25898.55,25838.2,206099631,273762188.9,0.75,25956.79339,25950.49963,25735.8338,25412.22916,24935.28555,,26242.84494,49.62098652,55.70181485,13.4,0.05,127.15,229.55,55.39,MODERATE,10.56,MILD,34.04,MODERATE,10.1075,-2.8125,165.1006307,25936.50063,25606.29937,INSIDE,,,,,,
12-12-2025,25971.2,26057.6,25938.45,26046.95,26014.33333,216344338,258632235,0.84,25973.1855,25959.68538,25748.03444,25424.79789,24946.34689,,26242.84494,54.4032526,55.48945983,72.65,0.28,75.75,119.15,63.58,STRONG,8.94,NONE,27.49,MODERATE,10.25,1.409844175,168.2989288,26139.49893,25802.90107,INSIDE,,,,,,
15-12-2025,25930.05,26047.15,25904.75,26027.3,25993.06667,181557703,254479591.9,0.71,25983.0245,25966.12486,25758.98603,25436.72863,24957.10264,,26242.84494,53.67667333,55.43753988,-116.9,-0.45,97.25,142.4,68.29,STRONG,13.94,MILD,17.77,MILD,10.0625,-1.829268293,165.1540308,26095.20403,25764.89597,INSIDE,,,,,,
16-12-2025,25951.5,25980.75,25834.35,25860.1,25891.73333,264351195,253697102.2,1.04,25960.67459,25956.02726,25762.95128,25445.11222,24966.08769,,26242.84494,47.82390206,54.33849088,-75.8,-0.29,-91.4,146.4,62.43,STRONG,19.98,MILD,17.59,MILD,9.8375,-2.236024845,161.0495451,26112.54955,25790.45045,INSIDE,,,,,,
17-12-2025,25902.4,25929.15,25770.35,25818.55,25839.35,206521258,251517664.7,0.82,25934.83376,25942.93419,25765.13162,25452.50703,24974.5699,,26222.14409,46.46793612,53.12522139,42.3,0.16,-83.85,158.8,52.8,MODERATE,16.85,MILD,30.35,MODERATE,9.7075,-1.321473952,158.605686,26061.00569,25743.79431,INSIDE,,,,,,
18-12-2025,25764.7,25902.35,25726.3,25815.55,25814.73333,197553755,249374066,0.79,25913.1458,25930.80236,25767.10881,25459.696,24982.93787,,26182.66027,46.36571617,51.94395813,-53.85,-0.21,50.85,176.05,28.88,WEAK,49.3,STRONG REJECT,21.81,MODERATE,9.5225,-1.905742982,155.4222608,25920.12226,25609.27774,INSIDE,,,,,,
19-12-2025,25911.5,25993.35,25880.45,25966.4,25946.73333,382927284,256741358.9,1.49,25922.82838,25934.19261,25774.92415,25469.72974,24992.72356,,26182.66027,52.07466526,51.25927598,95.95,0.37,54.9,112.9,48.63,MODERATE,23.87,MODERATE,27.5,MODERATE,9.675,1.601470202,158.4660751,26069.96608,25753.03392,INSIDE,,,,,,
22-12-2025,26055.85,26180.7,26047.8,26172.4,26133.63333,252990050,246158108.2,1.03,25968.20504,25956.87903,25790.51144,25483.644,25004.46163,,26182.66027,58.56138978,51.48269152,89.45,0.34,116.55,132.9,87.7,STRONG,6.25,NONE,6.06,NONE,9.3775,-3.074935401,154.7003871,26210.55039,25901.14961,INSIDE,,,,,,
23-12-2025,26205.2,26233.55,26119.05,26177.15,26176.58333,216553840,243963054.8,0.89,26006.19503,25977.85722,25805.67374,25497.37679,25016.13017,,26182.66027,58.70019932,51.84992085,32.8,0.13,-28.05,114.5,24.5,WEAK,24.76,MODERATE,50.74,STRONG DEFEND,9.19,-1.999466809,151.913248,26357.11325,26053.28675,INSIDE,,,,,,
24-12-2025,26170.65,26236.4,26123,26142.1,26167.16667,188846828,239642137.7,0.79,26030.90503,25993.49939,25818.86692,25510.14359,25027.33385,,26182.66027,57.17816838,51.98810339,-6.5,-0.02,-28.55,113.4,25.18,WEAK,57.98,STRONG REJECT,16.84,MILD,9.15,-0.435255713,151.2684688,26321.91847,26019.38153,INSIDE,,,,,,
26-12-2025,26121.25,26144.2,26008.6,26042.3,26065.03333,142243763,234739973,0.61,26032.97684,25998.14706,25827.62901,25520.68134,25037.43302,,26182.66027,52.96687535,51.47045762,-20.85,-0.08,-78.95,135.6,58.22,MODERATE,16.92,MILD,24.85,MODERATE,9.72,6.229508197,160.1270473,26281.37705,25961.12295,INSIDE,,,,,,
29-12-2025,26063.35,26106.8,25920.3,25942.1,25989.73333,234312888,236330040.2,0.99,26016.45378,25992.80925,25832.11806,25529.02627,25046.43468,,26182.66027,49.05995771,51.32030762,21.05,0.08,-121.25,186.5,65.01,STRONG,23.3,MODERATE,11.69,MILD,9.6775,-0.437242798,159.1988387,26222.54884,25904.15116,INSIDE,,,,,,
30-12-2025,25940.9,25976.75,25878,25938.85,25931.2,396893959,245483309.5,1.62,26002.344,25987.67027,25836.30363,25537.14159,25055.31443,,26182.66027,48.93387955,51.45253792,-1.2,0,-2.05,98.75,2.08,INDECISION,36.3,MODERATE,61.62,STRONG DEFEND,9.475,-2.092482563,155.0911823,26095.99118,25785.80882,INSIDE,,,,,,
31-12-2025,25971.05,26187.95,25969,26129.6,26095.51667,246314941,245058900.9,1.01,26025.48146,26001.18739,25847.80545,25548.87344,25066.00384,,26182.66027,56.06968344,52.27880611,32.2,0.12,158.55,218.95,72.41,STRONG,26.65,MODERATE,0.94,NONE,9.185,-3.060686016,151.5666797,26122.61668,25819.48332,OUT,,,,,,
01-01-2026,26173.3,26197.55,26113.4,26146.55,26152.5,425631910,253057491,1.68,26047.49392,26015.03145,25859.52092,25560.70862,25076.75555,,26182.66027,56.64937271,52.7808337,43.7,0.17,-26.75,84.15,31.79,WEAK,28.82,MODERATE,39.39,MODERATE,9.45,2.885138813,155.9967533,26329.29675,26017.30325,INSIDE,,,,,,
02-01-2026,26155.1,26340,26118.4,26328.55,26262.31667,357547806,258529904,1.38,26098.59502,26044.89036,25877.91422,25575.9134,25089.21121,25896.33638,,62.38840941,53.35120204,8.55,0.03,173.45,221.6,78.27,STRONG,5.17,NONE,16.56,MILD,10.0225,6.058201058,166.3469754,26321.44698,25988.75302,OUT,,,,,,
05-01-2026,26333.7,26373.2,26210.05,26250.3,26277.85,338777649,263006066.2,1.29,26126.17775,26064.45318,25892.51758,25589.26759,25100.76433,25960.0741,,58.78504557,53.71608578,5.15,0.02,-83.4,163.15,51.12,MODERATE,24.21,MODERATE,24.67,MODERATE,10.0175,-0.049887753,166.4735545,26500.17355,26167.22645,INSIDE,,,,,,
06-01-2026,26189.7,26273.95,26124.75,26178.7,26192.46667,383040203,266121580.4,1.44,26135.72725,26075.33383,25903.74042,25600.93952,25111.49006,25960.0741,,55.61952708,54.27291613,-60.6,-0.23,-11,149.2,7.37,INDECISION,56.47,STRONG REJECT,36.16,MODERATE,9.95,-0.673820814,164.7295542,26354.42955,26024.97045,INSIDE,,,,,,
07-01-2026,26143.1,26187.15,26067.9,26140.75,26131.93333,338216740,269233509.4,1.26,26136.64048,26081.56394,25913.03492,25611.62883,25121.73145,25960.0741,,53.96093012,54.80812999,-35.6,-0.14,-2.35,119.25,1.97,INDECISION,36.94,MODERATE,61.09,STRONG DEFEND,10.6,6.532663317,174.9110208,26318.01102,25968.18898,INSIDE,,,,,,
08-01-2026,26106.5,26133.2,25858.45,25876.85,25956.16667,328520950,275262334.6,1.19,26089.40584,26062.06738,25911.6159,25616.88074,25129.24507,,26354.85426,44.11026543,54.64702637,-34.25,-0.13,-229.65,274.75,83.59,STRONG,9.72,NONE,6.7,NONE,10.925,3.066037736,179.9024638,26286.40246,25926.59754,OUT,,,,,,
09-01-2026,25840.4,25940.6,25623,25683.3,25748.96667,348757262,282395216.1,1.23,26015.56842,26025.99429,25902.66234,25618.19597,25134.75806,,26196.06341,38.55163971,53.68109597,-36.45,-0.14,-157.1,317.6,49.46,MODERATE,31.55,MODERATE,18.99,MILD,11.3675,4.050343249,185.8095592,26026.20956,25654.59044,INSIDE,,,,,,
12-01-2026,25669.05,25813.15,25473.4,25790.25,25692.26667,275757268,285365862.6,0.97,25974.60143,26003.54245,25898.25401,25621.60298,25141.28036,,26110.58573,42.83817262,52.55800903,-14.25,-0.06,121.2,339.75,35.67,WEAK,6.74,NONE,57.59,STRONG DEFEND,11.1975,-1.495491533,182.1315357,25851.18154,25486.91846,INSIDE,,,,,,
13-01-2026,25897.35,25899.8,25603.3,25732.3,25745.13333,349710456,293773500.3,1.19,25930.54663,25977.70984,25891.74601,25623.795,25147.16116,,26110.58573,41.16262691,51.30532529,107.1,0.42,-165.05,296.5,55.67,MODERATE,0.83,NONE,43.51,STRONG DEFEND,11.32,1.093994195,184.7421147,26082.09211,25712.60789,INSIDE,,,,,,
14-01-2026,25648.55,25791.75,25603.95,25665.6,25687.1,393126596,300212270.3,1.31,25882.37451,25947.98509,25882.87754,25624.62282,25152.31975,,26110.58573,39.25925157,50.02540266,-83.75,-0.33,17.05,187.8,9.08,INDECISION,67.17,STRONG REJECT,23.75,MODERATE,11.3725,0.463780919,184.8246231,25833.37462,25463.72538,INSIDE,,,,,,
16-01-2026,25696.05,25873.5,25662.4,25694.35,25743.41667,434041776,311588296.2,1.39,25848.18824,25923.82937,25875.4843,25626.00356,25157.71309,,26110.58573,40.53561682,49.13745562,30.45,0.12,-1.7,211.1,0.81,INDECISION,84.06,STRONG REJECT,15.14,MILD,11.8275,4.000879314,192.8284948,25888.87849,25503.22151,INSIDE,,,,,,
19-01-2026,25653.1,25653.3,25494.35,25585.5,25577.71667,443087953,323865006.1,1.37,25800.42674,25891.60753,25864.11237,25625.20151,25161.96967,,26021.58747,37.33667908,48.30007857,-41.25,-0.16,-67.6,158.95,42.53,MODERATE,0.13,NONE,57.35,STRONG DEFEND,12.73,7.630522088,205.7759981,25858.876,25447.324,INSIDE,,,,,,
20-01-2026,25580.3,25585,25171.35,25232.5,25329.61667,409772324,325207258.1,1.26,25697.16733,25828.83538,25839.34325,25617.42524,25162.67147,,25902.04498,29.26959374,46.89548673,-5.2,-0.02,-347.8,413.65,84.08,STRONG,1.14,NONE,14.78,MILD,13.78,8.248232522,222.1558286,25802.45583,25358.14417,OUT,,,,,,
21-01-2026,25141,25300.95,24919.8,25157.5,25126.08333,395624981,332339004.7,1.19,25599.046,25764.89868,25812.6043,25608.31781,25162.62001,,25681.93098,27.89075802,44.88270634,-91.5,-0.36,16.5,381.15,4.33,INDECISION,37.64,MODERATE,58.03,STRONG DEFEND,13.35,-3.120464441,212.8340784,25353.83408,24928.16592,INSIDE,,,,,,
22-01-2026,25344.15,25435.75,25168.5,25289.9,25298.05,486395433,345831084.3,1.41,25542.83764,25719.66071,25792.1061,25602.01251,25163.88648,,25681.93098,33.81793066,43.25188905,186.65,0.74,-54.25,267.25,20.3,WEAK,34.28,MODERATE,45.43,STRONG DEFEND,14.1925,6.310861423,227.4712551,25571.62126,25116.67874,INSIDE,,,,,,
23-01-2026,25344.6,25347.95,25025.3,25048.65,25140.63333,393944908,356085988.3,1.11,25452.98534,25655.75493,25762.95095,25591.05483,25162.73985,,25681.93098,29.12088077,40.87563701,54.7,0.22,-295.95,322.65,91.72,STRONG,1.04,NONE,7.24,NONE,14.4525,1.831953497,230.8388452,25575.43885,25113.76115,OUT,,,,,,
27-01-2026,25063.35,25246.65,24932.55,25175.4,25118.2,618696080,379908604.2,1.63,25402.51528,25610.00684,25739.90974,25582.82404,25162.86582,,25681.93098,34.28512926,39.12564299,14.7,0.06,112.05,314.1,35.67,WEAK,22.68,MODERATE,41.64,STRONG DEFEND,13.525,-6.417574814,215.1612736,25278.51127,24848.18873,INSIDE,,,,,,
28-01-2026,25258.85,25372.1,25187.65,25342.75,25300.83333,574903942,396938156.9,1.45,25391.64886,25584.55381,25724.33485,25578.0701,25164.65571,,25681.93098,40.45397649,38.04238937,83.45,0.33,83.9,184.45,45.49,MODERATE,15.91,MILD,38.6,MODERATE,13.37,-1.146025878,213.7523485,25472.60235,25045.09765,INSIDE,,,,,,
29-01-2026,25345,25458.15,25159.8,25418.9,25345.61667,582389331,406212925.5,1.43,25396.60362,25568.77725,25712.35701,25574.91822,25167.18551,,25681.93098,43.07270098,37.26465872,2.25,0.01,73.9,298.35,24.77,WEAK,13.16,MILD,62.07,STRONG DEFEND,13.6325,1.963350785,218.6882356,25563.68824,25126.31176,INSIDE,,,,,,
30-01-2026,25247.55,25370.7,25213.65,25320.65,25301.66667,508388604,419316608.6,1.21,25382.79387,25545.14609,25696.99595,25569.8832,25168.71252,,25681.93098,40.59226692,37.01337311,-171.35,-0.67,73.1,157.05,46.55,MODERATE,31.87,MODERATE,21.59,MODERATE,15.095,10.72803961,241.3174017,25488.8674,25006.2326,INSIDE,,,,,,
01-02-2026,25333.75,25440.9,24571.75,24825.45,24946.03333,379370206,417003523.4,0.91,25281.45862,25476.6036,25662.81768,25555.14195,25165.29697,,25681.93098,30.92560475,36.46865633,13.1,0.05,-508.3,869.15,58.48,MODERATE,12.33,MILD,29.19,MODERATE,13.865,-8.148393508,222.2672202,25556.01722,25111.48278,OUT,,,,,,
02-02-2026,24796.5,25108.1,24679.4,25088.4,24958.63333,449215604,421586913.3,1.07,25246.35705,25439.63183,25640.2915,25545.89954,25164.53182,,25681.93098,39.20465948,36.20911968,-28.95,-0.12,291.9,428.7,68.09,STRONG,4.6,NONE,27.32,MODERATE,12.895,-6.996033177,204.0132007,25000.5132,24592.4868,OUT,,,,,,
03-02-2026,26308.05,26341.2,25641.3,25727.55,25903.35,637263148,436511188.3,1.46,25333.84668,25467.05261,25643.7134,25549.49658,25170.13399,24858.35727,,53.72366626,37.10633677,1219.65,4.86,-580.5,699.9,82.94,STRONG,4.74,NONE,12.32,MILD,12.2525,-4.982551377,203.3683384,26511.41834,26104.68166,OUT,,,,,,
04-02-2026,25675.05,25818.55,25563.95,25776,25719.5,429788986,438848627.4,0.98,25414.23819,25496.47617,25648.90111,25553.98179,25176.16251,24858.35727,,54.60861021,38.20271953,-52.5,-0.2,100.95,254.6,39.65,WEAK,16.71,MILD,43.64,STRONG DEFEND,12.1675,-0.693735972,197.9503511,25873.00035,25477.09965,INSIDE,,,,,,
05-02-2026,25755.9,25757.65,25579.5,25642.8,25659.98333,343812628,439128421.8,0.78,25455.79488,25510.41177,25648.66185,25555.74057,25180.80567,24858.35727,,51.68246952,38.9989233,-20.1,-0.08,-113.1,178.15,63.49,STRONG,0.98,NONE,35.53,MODERATE,11.94,-1.86973495,193.7910151,25949.69102,25562.10898,INSIDE,,,,,,
06-02-2026,25605.8,25703.95,25491.9,25693.7,25629.85,375476124,441476180.5,0.85,25499.05036,25527.86779,25650.42805,25558.47244,25185.9091,24858.35727,,52.72494151,40.0980849,-37,-0.14,87.9,212.05,41.45,MODERATE,4.83,NONE,53.71,STRONG DEFEND,12.19,2.093802345,197.4361377,25803.23614,25408.36386,INSIDE,,,,,,
09-02-2026,25888.7,25922.25,25780.9,25867.3,25856.81667,359386006,442007617.7,0.81,25566.00484,25560.19467,25658.93283,25564.58784,25192.68911,25125.82006,,56.1962083,42.02141451,195,0.76,-21.4,141.35,15.14,INDECISION,23.74,MODERATE,61.12,STRONG DEFEND,11.665,-4.30680886,190.5375213,26079.23752,25698.16248,INSIDE,,,,,,
10-02-2026,25922.65,25989.45,25870.45,25935.15,25931.68333,460878237,451263666.2,1.02,25633.12214,25595.9047,25669.76488,25571.9257,25200.07678,25300.48605,,57.50941604,44.13703294,55.35,0.21,12.5,119,10.5,INDECISION,45.63,STRONG REJECT,43.87,STRONG DEFEND,11.5475,-1.007286755,189.1072299,26111.75723,25733.54277,INSIDE,,,,,,
11-02-2026,25997.45,26009.4,25899.8,25953.85,25954.35,331389240,450347605.4,0.74,25691.4363,25629.99473,25680.90547,25579.48856,25207.57701,25407.18884,,57.88416769,45.85604987,62.3,0.24,-43.6,109.6,39.78,WEAK,10.9,MILD,49.32,STRONG DEFEND,11.725,1.537129249,192.1614461,26189.61145,25805.28855,INSIDE,,,,,,
12-02-2026,25906.7,25906.7,25752.4,25807.2,25822.1,419388014,451660676.3,0.93,25712.48424,25646.87142,25685.8582,25583.9977,25213.54341,25407.18884,,53.87148391,47.62395009,-47.15,-0.18,-99.5,154.3,64.48,STRONG,0,NONE,35.52,MODERATE,13.2925,13.36886994,216.9910584,26123.69106,25689.70894,INSIDE,,,,,,
13-02-2026,25571.15,25630.35,25444.3,25471.1,25515.25,453523192,452634747.1,1,25668.5962,25630.13129,25677.43631,25581.7621,25216.10616,25407.18884,,46.00081261,48.46078462,-236.05,-0.91,-100.05,186.05,53.78,MODERATE,31.82,MODERATE,14.4,MILD,13.33,0.282113974,215.2820198,25786.43202,25355.86798,INSIDE,,,,,,
16-02-2026,25423.6,25697,25372.7,25682.75,25584.15,325487729,446754735.9,0.73,25671.16962,25635.14259,25677.64469,25583.76186,25220.74938,25407.18884,,50.86875113,49.20469709,-47.5,-0.19,259.15,324.3,79.91,STRONG,4.39,NONE,15.7,MILD,12.6725,-4.932483121,205.1954836,25628.79548,25218.40452,OUT,,,,,,
17-02-2026,25637.95,25764.4,25570.3,25725.4,25686.7,378436265,445187932.9,0.85,25681.02969,25643.73854,25679.51745,25586.56657,25225.77078,25407.18884,,51.81148018,49.82889561,-44.8,-0.17,87.45,194.1,45.05,MODERATE,20.09,MODERATE,34.85,MODERATE,12.2225,-3.550996252,198.4280901,25836.37809,25439.52191,INSIDE,,,,,,
18-02-2026,25752.65,25828.05,25645.15,25819.35,25764.18333,400807585,445447063.1,0.9,25706.17883,25660.46344,25685.00108,25591.17615,25231.67704,25407.18884,,53.90946929,50.78012435,27.25,0.11,66.7,182.9,36.47,WEAK,4.76,NONE,58.78,STRONG DEFEND,13.46,10.12476989,219.0583195,25971.70832,25533.59168,INSIDE,,,,,,
19-02-2026,25873.35,25885.3,25388.75,25454.35,25576.13333,333658812,437810232.1,0.76,25660.39177,25640.83359,25675.95594,25588.46672,25233.89269,25407.18884,,45.60271918,51.82848966,54,0.21,-419,496.55,84.38,STRONG,2.41,NONE,13.21,MILD,14.3625,6.705052006,234.2644116,26107.61441,25639.08559,OUT,,,,,,
20-02-2026,25406.55,25663.55,25379.75,25571.25,25538.18333,309373691,433581671.2,0.71,25644.18418,25634.20658,25671.84982,25588.12579,25237.24948,25407.18884,,48.34783666,52.48157375,-47.8,-0.19,164.7,283.8,58.03,MODERATE,32.52,MODERATE,9.44,NONE,14.1675,-1.35770235,229.1041869,25635.65419,25177.44581,INSIDE,,,,,,
23-02-2026,25678.4,25771.45,25609.35,25713,25697.93333,399135843,422603659.4,0.94,25656.69615,25641.71071,25673.46355,25590.59855,25241.98332,25407.18884,,51.541209,52.32568394,107.15,0.42,34.6,162.1,21.34,WEAK,36.06,MODERATE,42.6,STRONG DEFEND,14.15,-0.123522146,229.7832498,25908.18325,25448.61675,INSIDE,,,,,,
24-02-2026,25641.8,25641.8,25327.6,25424.65,25464.68333,458774084,416797166.5,1.1,25614.50594,25621.03826,25663.70616,25587.31244,25243.8009,25407.18884,,45.39321346,51.66744132,-71.2,-0.28,-217.15,314.2,69.11,STRONG,0,NONE,30.89,MODERATE,13.4875,-4.681978799,217.9229852,25859.72299,25423.87701,INSIDE,,,,,,
25-02-2026,25512.6,25652.6,25428.2,25482.5,25521.1,423522007,408853800.3,1.04,25590.50486,25607.84414,25656.60003,25585.23695,25246.17601,25407.18884,,46.76517786,51.3162062,87.95,0.35,-30.1,224.4,13.41,INDECISION,62.39,STRONG REJECT,24.2,MODERATE,13.0625,-3.151065802,211.1449827,25723.74498,25301.45502,INSIDE,,,,,,
26-02-2026,25556.3,25572.95,25400.95,25496.55,25490.15,415397049,404204222.5,1.03,25573.42216,25597.2447,25650.32356,25583.48077,25248.66729,25407.18884,,47.11271811,50.9153331,73.8,0.29,-59.75,172,34.74,WEAK,9.68,NONE,55.58,STRONG DEFEND,13.7025,4.899521531,220.8023613,25777.10236,25335.49764,INSIDE,,,,,,
27-02-2026,25459.85,25476.4,25141.3,25178.65,25265.45,459280844,408199754.4,1.13,25501.6454,25557.37854,25631.82656,25575.46432,25247.97061,,25871.2465,40.6467441,49.80465709,-36.7,-0.14,-281.2,335.1,83.92,STRONG,4.94,NONE,11.15,MILD,17.13,25.01368363,274.9910095,25734.84101,25184.85899,OUT,,,,,,
02-03-2026,24659.25,24989.35,24603.5,24865.7,24819.51667,564529257,413965437.1,1.36,25386.01896,25491.50439,25601.78238,25561.40958,25244.16692,,25476.4022,35.48382486,48.23140057,-519.4,-2.06,206.45,385.85,53.51,MODERATE,32.05,MODERATE,14.45,MILD,21.14,23.40922358,332.8764077,24992.12641,24326.37359,INSIDE,,,,,,
04-03-2026,24388.8,24602.45,24305.4,24480.5,24462.78333,598993881,412051973.7,1.45,25221.37915,25395.21826,25557.81052,25540.00543,25236.56824,,25222.02676,30.3703576,46.26612842,-476.9,-1.92,91.7,297.05,30.87,WEAK,41.05,STRONG REJECT,28.08,MODERATE,17.8575,-15.52743614,276.8356968,24665.6357,24111.9643,INSIDE,,,,,,
05-03-2026,24615.95,24854.2,24529.4,24765.9,24716.5,504339053,415779477.1,1.21,25138.56476,25335.28319,25526.75521,25524.67661,25231.88498,,25222.02676,37.5509943,45.10037917,135.45,0.55,149.95,324.8,46.17,MODERATE,27.19,MODERATE,26.65,MODERATE,19.88,11.32577348,311.3430977,24927.2931,24304.6069,INSIDE,,,,,,
06-03-2026,24656.4,24700.9,24415.75,24450.45,24522.36667,433408256,420259258.5,1.03,25013.45299,25251.01336,25484.54716,25503.40479,25224.1095,,25222.02676,33.44548084,44.20356976,-109.5,-0.44,-205.95,285.15,72.23,STRONG,15.61,MILD,12.17,MILD,23.3625,17.51760563,363.626198,25020.0262,24292.7738,INSIDE,,,,,,
09-03-2026,23868.05,24078.15,23697.8,24028.05,23934.66667,526901605,427830532.5,1.23,24834.28881,25134.54066,25427.42963,25474.18985,25212.20841,,24790.0183,28.89056701,42.63369946,-582.4,-2.38,160,380.35,42.07,MODERATE,13.17,MILD,44.76,STRONG DEFEND,18.905,-19.07972178,286.8288757,24154.87888,23581.22112,INSIDE,,,,,,
10-03-2026,24280.8,24303.8,24079.95,24261.6,24215.11667,444283436,432075404,1.03,24730.16357,25051.40345,25381.71082,25450.17817,25202.74962,,24790.0183,34.22449966,41.37748657,252.75,1.05,-19.2,223.85,8.58,INDECISION,10.27,MILD,81.15,STRONG DEFEND,21.0625,11.41232478,322.5575221,24603.35752,23958.24248,INSIDE,,,,,,
11-03-2026,24231.85,24299,23834.3,23866.85,24000.05,407400643,429401524.3,0.95,24573.19747,24938.58884,25322.30451,25418.82514,25189.45709,,24790.0183,30.11299144,39.67773815,-29.75,-0.12,-365,464.7,78.55,STRONG,14.45,MILD,7,NONE,21.5175,2.160237389,329.460449,24561.31045,23902.38955,OUT,,,,,,
12-03-2026,23674.85,23833.15,23556.3,23639.15,23676.2,501004098,437882267.2,1.14,24403.37065,24814.83276,25256.29845,25383.58404,25174.03115,,24500.08717,28.02183644,38.42196081,-192,-0.8,-35.7,276.85,12.9,INDECISION,57.18,STRONG REJECT,29.93,MODERATE,22.645,5.239920995,340.0766741,24014.92667,23334.77333,INSIDE,,,,,,
13-03-2026,23462.5,23492.4,23112,23151.1,23251.83333,519776752,442901704.1,1.17,24175.68508,24656.38202,25173.74165,25339.37644,25153.90248,,24157.34974,24.15062672,36.69358867,-176.65,-0.75,-311.4,380.4,81.86,STRONG,7.86,NONE,10.28,MILD,21.6025,-4.603665268,319.7823384,23782.28234,23142.71766,INSIDE,,,,,,
16-03-2026,23116.1,23502,22955.25,23408.8,23288.68333,540293230,447240206,1.21,24036.25143,24537.56469,25104.52825,25301.1472,25136.53828,,24131.44479,29.67513699,35.13172638,-35,-0.15,292.7,546.75,53.53,MODERATE,17.05,MILD,29.42,MODERATE,19.79,-8.390232612,293.071569,23409.17157,22823.02843,INSIDE,,,,,,
17-03-2026,23493.2,23656.8,23346.6,23581.15,23528.18333,458788167,453905227.9,1.01,23953.50572,24446.47757,25044.78793,25267.08785,25121.06178,,24131.44479,33.18045063,34.25938618,84.4,0.36,87.95,310.2,28.35,WEAK,24.39,MODERATE,47.26,STRONG DEFEND,18.7225,-5.394138454,279.0891229,23772.28912,23214.11088,INSIDE,,,,,,
18-03-2026,23632.9,23862.25,23618.45,23777.8,23752.83333,382876401,454127234.7,0.84,23921.55922,24382.79399,24995.10213,25237.597,25107.69599,,24131.44479,37.03676448,33.56449951,51.75,0.22,144.9,243.8,59.43,MODERATE,34.64,MODERATE,5.93,NONE,22.8025,21.79196154,342.8600855,23975.76009,23290.03991,INSIDE,,,,,,
19-03-2026,23197.75,23378.7,22930.35,23002.15,23103.73333,550147401,461594225.5,1.19,23754.39391,24251.30409,24916.94714,25193.33073,25086.74528,,24125.11193,29.74490966,32.32394177,-580.05,-2.44,-195.6,448.35,43.63,MODERATE,40.36,STRONG REJECT,16.01,MILD,22.8125,0.04385484,336.0596054,23533.80961,22861.69039,INSIDE,,,,,,
20-03-2026,23110.15,23345.15,23067.6,23114.5,23175.75,663289390,478075754.4,1.39,23638.04956,24143.03703,24846.26294,25152.16576,25067.12095,,24120.04455,31.83823983,31.69476289,108,0.47,4.35,277.55,1.57,INDECISION,83.1,STRONG REJECT,15.33,MILD,26.73,17.17260274,393.2047004,23503.3547,22716.9453,INSIDE,,,,,,
23-03-2026,22824.35,22851.7,22471.25,22512.65,22611.86667,550275334,490120836.6,1.12,23433.43146,23987.76208,24754.74871,25099.89812,25041.70333,,23649.71064,27.16819918,31.10078963,-290.15,-1.26,-311.7,380.45,81.93,STRONG,7.19,NONE,10.88,MILD,24.74,-7.444818556,356.2388519,23180.58885,22468.11115,INSIDE,,,,,,
24-03-2026,22878.45,23057.3,22624.2,22912.4,22864.63333,538098322,497068960.5,1.08,23338.69847,23885.34664,24682.49974,25056.58133,25020.51623,,23649.71064,34.08407019,31.36605481,365.8,1.62,33.95,433.1,7.84,INDECISION,33.46,MODERATE,58.7,STRONG DEFEND,24.64,-0.404203719,357.9910977,23236.4411,22520.4589,INSIDE,,,,,,
25-03-2026,23064.4,23465.35,23063.2,23306.45,23278.33333,505418973,499401205,1.01,23332.83511,23830.21363,24628.537,25021.92526,25003.46085,,23649.71064,40.12013876,31.54956513,152,0.66,242.05,402.15,60.19,STRONG,39.51,MODERATE,0.3,NONE,26.8025,8.77637987,396.3012246,23460.70122,22668.09878,INSIDE,,,,,,
27-03-2026,23173.55,23186.1,22804.55,22819.6,22936.75,612556883,508852948.8,1.2,23239.51963,23733.96471,24557.5983,24978.31486,24981.73089,,23649.71064,35.76277767,31.71508633,-132.9,-0.57,-353.95,381.55,92.77,STRONG,3.29,NONE,3.94,NONE,27.8875,4.048129839,407.4369022,23580.9869,22766.1131,INSIDE,,,,,,
30-03-2026,22549.65,22714.1,22283.85,22331.4,22443.11667,698599891,523013090.9,1.34,23074.40697,23600.38712,24470.2964,24925.9007,24955.35944,,23531.76384,32.00859795,31.93780283,-269.95,-1.18,-218.25,430.25,50.73,MODERATE,38.22,MODERATE,11.05,MILD,25.01,-10.31824294,357.9581859,22907.60819,22191.69181,INSIDE,,,,,,
01-04-2026,22899,22941.3,22618.6,22679.4,22746.43333,517954448,525946771.1,0.98,23002.58752,23512.67406,24400.06517,24881.41554,24932.71307,,23531.76384,37.07903444,32.14169817,567.6,2.54,-219.6,322.7,68.05,STRONG,13.11,MILD,18.84,MILD,25.52,2.039184326,368.911138,23267.91114,22530.08886,INSIDE,,,,,,
02-04-2026,22383.4,22782.3,22182.55,22713.1,22559.31667,495121035,522476360,0.95,22949.95343,23436.52415,24333.90967,24838.4786,24910.62737,,23531.76384,37.56461078,32.6739567,-296,-1.31,329.7,599.75,54.97,MODERATE,11.54,MILD,33.49,MODERATE,25.4675,-0.205721003,365.600646,22749.00065,22017.79935,INSIDE,,,,,,
06-04-2026,22780.3,22998.35,22542.95,22968.25,22836.51667,426416812,513847506.5,0.83,22953.28008,23391.92661,24280.35439,24801.44437,24891.30023,,23531.76384,41.26069049,33.61958913,67.2,0.3,187.95,455.4,41.27,MODERATE,6.61,NONE,52.12,STRONG DEFEND,24.695,-3.033277707,357.8728754,23138.17288,22422.42712,INSIDE,,,,,,
07-04-2026,22838.7,23153.85,22719.3,23123.65,22998.93333,476981883,512479648,0.93,22984.25643,23366.37646,24234.99344,24768.22072,24873.71167,,23531.76384,43.45620145,34.99855875,-129.55,-0.56,284.95,434.55,65.57,STRONG,6.95,NONE,27.48,MODERATE,19.6975,-20.23689006,287.3805673,23126.08057,22551.31943,INSIDE,,,,,,
08-04-2026,23855.15,24025.15,23828.5,23997.35,23950.33333,639257993,522772134.9,1.22,23168.45526,23426.46918,24225.67409,24752.95595,24864.99166,22749.40754,,53.89108645,36.72826943,731.5,3.16,142.2,196.65,72.31,STRONG,14.14,MILD,13.55,MILD,20.4275,3.706054068,309.2462203,24164.39622,23545.90378,INSIDE,,,,,,
09-04-2026,23909.05,23990.75,23682.8,23775.1,23816.21667,466587329,519756421.1,0.9,23278.7543,23459.67211,24208.00451,24733.59247,24854.14696,22769.02103,,51.29771444,38.0223597,-88.3,-0.37,-133.95,307.95,43.5,MODERATE,26.53,MODERATE,29.97,MODERATE,18.85,-7.722432995,284.9562933,24194.00629,23624.09371,INSIDE,,,,,,
10-04-2026,23880.55,24074.05,23856.35,24050.6,23993.66667,481302436,521607371.1,0.92,23419.08988,23515.95096,24201.83179,24720.06787,24846.15147,22991.41682,,54.23754126,39.25098661,105.45,0.44,170.05,217.7,78.11,STRONG,10.77,MILD,11.12,MILD,20.5,8.75331565,310.9754411,24191.52544,23569.57456,INSIDE,,,,,,
13-04-2026,23589.6,23907.4,23555.6,23842.65,23768.55,488844789,525679578.4,0.93,23496.10081,23547.06515,24187.74623,24702.69325,24836.16638,22991.41682,,51.70071369,40.81925833,-461,-1.92,253.05,351.8,71.93,STRONG,18.41,MILD,9.66,NONE,18.6675,-8.93902439,281.2170066,23870.81701,23308.38299,INSIDE,,,,,,
15-04-2026,24163.8,24280.9,24145.8,24231.3,24219.33333,460334041,523646075.5,0.88,23629.77339,23612.23038,24189.45422,24693.35873,24830.14781,23256.42877,,55.85640329,42.53484143,321.15,1.35,67.5,135.1,49.96,MODERATE,36.71,MODERATE,13.32,MILD,18.085,-3.120396411,276.6982209,24440.49822,23887.10178,INSIDE,,,,,,
16-04-2026,24385.2,24400.95,24102.8,24196.75,24233.5,508017772,523058126.5,0.97,23732.86005,23667.89891,24189.74033,24683.5249,24823.84535,23367.07801,,55.40006519,44.55140329,153.9,0.64,-188.45,298.15,63.21,STRONG,5.28,NONE,31.51,MODERATE,17.205,-4.865910976,264.535819,24649.73582,24120.66418,INSIDE,,,,,,
17-04-2026,24165.9,24371.9,24096.05,24353.55,24273.83333,498625189,520974724.5,0.96,23845.71277,23733.19902,24196.16424,24676.99074,24819.16579,23415.79741,,57.1125498,46.19629469,-30.85,-0.13,187.65,275.85,68.03,STRONG,6.65,NONE,25.32,MODERATE,18.79,9.212438245,288.5620674,24454.46207,23877.33793,INSIDE,,,,,,
20-04-2026,24391.5,24480.65,24241.25,24364.85,24362.25,415942883,518832460.3,0.8,23940.10136,23793.35625,24202.77936,24670.80974,24814.64523,23610.64793,,57.2399727,47.41913997,37.95,0.16,-26.65,239.4,11.13,INDECISION,37.24,MODERATE,51.63,STRONG DEFEND,17.5325,-6.692389569,270.4517934,24661.95179,24121.04821,INSIDE,,,,,,
21-04-2026,24374.55,24601.7,24354.9,24576.6,24511.06667,425826834,520979981.9,0.82,24055.82838,23867.9509,24217.439,24668.9442,24812.27663,23779.33834,,59.65875207,49.12599529,9.7,0.04,202.05,246.8,81.87,STRONG,10.17,MILD,7.96,NONE,18.3,4.377584486,283.6868998,24658.2369,24090.8631,INSIDE,,,,,,
22-04-2026,24470.85,24515.95,24352.9,24378.1,24415.65,440524292,515498826.5,0.85,24114.42322,23916.53652,24223.73943,24663.18491,24807.95646,23785.77567,,56.43593411,50.87080501,-105.75,-0.43,-92.75,163.05,56.88,MODERATE,27.66,MODERATE,15.46,MILD,18.59,1.584699454,287.1780154,24758.02802,24183.67198,INSIDE,,,,,,
23-04-2026,24202.35,24310.2,24134.8,24173.05,24206.01667,467549860,505711850,0.92,24125.08264,23940.96638,24221.75161,24653.47927,24801.63898,23785.77567,,53.23662592,52.02491869,-175.75,-0.72,-29.3,175.4,16.7,INDECISION,61.49,STRONG REJECT,21.81,MODERATE,19.7125,6.038192577,301.9627079,24504.31271,23900.38729,INSIDE,,,,,,
24-04-2026,24100.55,24206,23813.65,23897.95,23972.53333,438433486,500119757.6,0.88,24083.78579,23936.86958,24209.05351,24638.51829,24792.64705,23785.77567,,49.20633085,52.85647012,-72.5,-0.3,-202.6,392.35,51.64,MODERATE,26.88,MODERATE,21.49,MODERATE,18.3775,-6.772352568,280.3060901,24380.85609,23820.24391,INSIDE,,,,,,
27-04-2026,23945.45,24130.7,23936.2,24092.7,24053.2,430297937,494729738.3,0.87,24085.40656,23951.71057,24204.49062,24627.71001,24785.68241,23785.77567,,51.9779803,53.62199082,47.5,0.2,147.25,194.5,75.71,STRONG,19.54,MILD,4.76,NONE,18.0475,-1.795674058,274.4163883,24219.86639,23671.03361,INSIDE,,,,,,
28-04-2026,24049.9,24181.8,23957.05,23995.7,24044.85,554134344,497165506.9,1.11,24069.09627,23955.90004,24196.30276,24615.19496,24777.82188,23785.77567,,50.49989948,54.12511211,-42.8,-0.18,-54.2,224.75,24.12,WEAK,58.69,STRONG REJECT,17.2,MILD,17.4375,-3.379969525,265.7026701,24315.60267,23784.19733,INSIDE,,,,,,
29-04-2026,24096.9,24334.7,24059.95,24177.65,24190.76667,531122966,493093811,1.08,24088.83332,23977.01909,24195.57127,24606.5307,24771.85002,23785.77567,,53.18891025,54.07495667,101.2,0.42,80.75,274.75,29.39,WEAK,57.16,STRONG REJECT,13.45,MILD,18.46,5.863799283,283.0614757,24379.96148,23813.83852,INSIDE,,,,,,
30-04-2026,23996.95,24087.45,23796.85,23997.55,23960.61667,505520648,483439848.9,1.05,24072.23635,23978.97441,24187.80573,24594.47168,24764.14555,23785.77567,,50.27748058,54.00208282,-180.7,-0.75,0.6,290.6,0.21,INDECISION,30.94,MODERATE,68.86,STRONG DEFEND,18.3,-0.866738895,277.7569849,24274.70698,23719.19302,INSIDE,,,,,,
04-05-2026,24063.55,24290.2,24004.75,24119.3,24138.08333,419069793,478495616.1,0.88,24080.79338,23992.33875,24185.11924,24585.06234,24757.72917,23785.77567,,52.1829751,53.85532809,66,0.28,55.75,285.45,19.53,INDECISION,59.87,STRONG REJECT,20.6,MODERATE,17.9075,-2.144808743,274.0874332,24337.63743,23789.46257,INSIDE,,,,,,
05-05-2026,24052.6,24081.7,23882.05,24032.8,23998.85,363297728,471904450.8,0.77,24072.06731,23996.19221,24179.14593,24574.12645,24750.51595,23785.77567,,50.69647759,53.78359694,-66.7,-0.28,-19.8,199.65,9.92,INDECISION,14.58,MILD,75.51,STRONG DEFEND,16.6775,-6.868630462,253.070291,24305.67029,23799.52971,INSIDE,,,,,,
06-05-2026,24171,24356.5,23997.9,24330.95,24228.45,429190144,472043117.4,0.91,24119.13689,24028.0739,24185.09903,24569.31107,24746.34116,23785.77567,,55.41128241,53.7518026,138.2,0.58,159.95,358.6,44.6,MODERATE,7.12,NONE,48.27,STRONG DEFEND,16.62,-0.344775896,255.0756333,24426.07563,23915.92437,INSIDE,,,,,,
07-05-2026,24398.5,24482.1,24284,24326.65,24364.25,440621691,470225107.8,0.94,24156.86655,24056.50972,24190.65005,24564.5059,24742.16513,23809.43195,,55.32910401,53.74673394,67.55,0.28,-71.85,198.1,36.27,WEAK,42.2,STRONG REJECT,21.53,MODERATE,16.84,1.323706378,259.7848544,24658.28485,24138.71515,INSIDE,,,,,,
08-05-2026,24233.65,24253.8,24126.65,24176.15,24185.53333,335887188,455056567.5,0.74,24160.37263,24067.90403,24190.08142,24556.81569,24736.53314,23809.43195,,52.39994408,53.41011925,-93,-0.38,-57.5,127.15,45.22,MODERATE,15.85,MILD,38.93,MODERATE,18.5525,10.1692399,283.5341049,24517.1841,23950.1159,INSIDE,,,,,,
11-05-2026,23970.1,23997.45,23799.1,23815.85,23870.8,390108343,451232618.2,0.86,24097.73215,24043.89889,24175.40568,24542.1431,24727.37211,23809.43195,,46.10681022,52.61489336,-206.05,-0.85,-154.25,198.35,77.77,STRONG,13.79,MILD,8.44,NONE,19.28,3.921304406,291.5380189,24261.63802,23678.56198,INSIDE,,,,,,
12-05-2026,23722.6,23757.55,23348.4,23379.55,23495.16667,447518189,449543405.9,1,23967.15358,23980.62756,24144.19565,24519.12145,24713.96095,,24205.50344,39.86347151,51.20094474,-93.25,-0.39,-343.05,409.15,83.84,STRONG,8.54,NONE,7.61,NONE,19.425,0.752074689,290.7942084,24013.39421,23431.80579,OUT,,,,,,
13-05-2026,23362.45,23582.95,23262.55,23412.6,23419.36667,415359044,445869118.6,0.93,23866.32565,23926.5297,24115.50563,24497.21014,24701.01208,,24072.93275,40.52050877,50.06412865,-17.1,-0.07,50.15,320.4,15.65,INDECISION,53.17,STRONG REJECT,31.18,MODERATE,18.6125,-4.182754183,276.5832747,23639.03327,23085.86673,INSIDE,,,,,,
14-05-2026,23530.25,23777.2,23426.55,23689.6,23631.11667,428735424,444289187.8,0.96,23834.19372,23903.96497,24098.80345,24481.21786,24690.94828,,24072.93275,45.85958603,49.53719723,117.65,0.5,159.35,350.65,45.44,MODERATE,24.98,MODERATE,29.57,MODERATE,18.79,0.953660175,281.5208494,23811.77085,23248.72915,INSIDE,,,,,,
15-05-2026,23731.4,23839.3,23610.3,23643.5,23697.7,408864566,439331527.5,0.93,23799.52213,23879.15878,24080.94841,24464.62939,24680.52591,,24072.93275,45.13347411,49.24627889,41.8,0.18,-87.9,229,38.38,WEAK,47.12,STRONG REJECT,14.5,MILD,19.63,4.470463012,294.8742653,24026.27427,23436.52573,INSIDE,,,,,,
18-05-2026,23482.2,23695.65,23317.1,23649.95,23554.23333,391968426,433998689.3,0.9,23772.3272,23857.32937,24064.04651,24448.49712,24670.27142,,24072.93275,45.26405797,48.76671301,-161.3,-0.68,167.75,378.55,44.31,MODERATE,12.07,MILD,43.61,STRONG DEFEND,18.675,-4.865002547,278.8382254,23761.03823,23203.36177,INSIDE,,,,,,
19-05-2026,23675.3,23782.3,23587.2,23618,23662.5,441953184,435299204.4,1.02,23744.26771,23834.5361,24046.55449,24432.05163,24659.80106,,24072.93275,44.69657592,48.3521899,25.35,0.11,-57.3,195.1,29.37,WEAK,54.84,STRONG REJECT,15.79,MILD,18.44,-1.258366801,276.3362394,23951.63624,23398.96376,INSIDE,,,,,,
20-05-2026,23457.25,23690.9,23397.3,23659,23582.4,344050591,431210392.2,0.8,23728.76449,23817.81837,24031.35628,24416.74368,24649.84284,,24072.93275,45.63843999,47.81287059,-160.75,-0.68,201.75,293.6,68.72,STRONG,10.87,MILD,20.42,MODERATE,17.8225,-3.348698482,266.0561218,23723.30612,23191.19388,INSIDE,,,,,,
21-05-2026,23830.05,23859.9,23596.6,23654.7,23703.73333,348183907,426593373,0.82,23715.29822,23802.28329,24016.58544,24401.65371,24639.94092,,24072.93275,45.55082031,47.475252,171.05,0.72,-175.35,263.3,66.6,STRONG,11.34,MILD,22.07,MODERATE,17.8225,0,267.954044,24098.00404,23562.09596,INSIDE,,,,,,
22-05-2026,23671.2,23835.65,23671,23719.3,23741.98333,336108649,420021312.4,0.8,23716.02581,23794.38012,24004.92719,24388.14175,24630.78032,,24072.93275,47.19113246,47.11869181,16.5,0.07,48.1,164.65,29.21,WEAK,70.67,STRONG REJECT,0.12,NONE,,-100,0,23671.2,23671.2,OUT,,,,,,
